[{"model": "sessions.session", "pk": "3p71wqlt5ve8dgbkj11zr8uh06tqzsiu", "fields": {"session_data": "e30:1vmBsZ:5YC5PUYWsKCQdNGqETvDt5XWTDDGVIvYZjRaNufAoCA", "expire_date": "2026-02-14T14:23:15.177Z"}}, {"model": "sessions.session", "pk": "8grem3le9f2px9lqpilrlgfetaesiv4q", "fields": {"session_data": "e30:1vmHTo:1Rpav2-RN8maIZC8zi9uhYPYJp_DPkEqjGiNoJkEy1c", "expire_date": "2026-02-14T20:22:04.262Z"}}, {"model": "sessions.session", "pk": "c90y3d1oqtzrk4t4l6n000f4sofx0exa", "fields": {"session_data": "e30:1vmDlN:GJZSPkkkHfjjW6jO7Q-ECNapPM5Mmkyhe6e7So5-cC0", "expire_date": "2026-02-14T16:23:57.785Z"}}, {"model": "sessions.session", "pk": "cupp1kh9bhzp6p1ftz77r2zyc1ednpxp", "fields": {"session_data": "e30:1vm8yS:sH6HHx_Nw8RmvXKPhs-CrWvWotV92UTj8pxHpj_3HDw", "expire_date": "2026-02-14T11:17:08.831Z"}}, {"model": "sessions.session", "pk": "fcoc5lbibw11a8uxt57jfcd6vvb7gku1", "fields": {"session_data": "e30:1vmBsZ:5YC5PUYWsKCQdNGqETvDt5XWTDDGVIvYZjRaNufAoCA", "expire_date": "2026-02-14T14:23:15.175Z"}}, {"model": "sessions.session", "pk": "ixjz635oatptu5586gtw85mh7vxhbpm9", "fields": {"session_data": "e30:1vm8yS:sH6HHx_Nw8RmvXKPhs-CrWvWotV92UTj8pxHpj_3HDw", "expire_date": "2026-02-14T11:17:08.846Z"}}, {"model": "sessions.session", "pk": "j03ak76ukb6akv273himutuvn5mdkkop", "fields": {"session_data": "e30:1vmHT8:U82n6CfJWu8Pt_QuNE52prPM_TANHgQnFaXcVBbm65I", "expire_date": "2026-02-14T20:21:22.313Z"}}, {"model": "sessions.session", "pk": "ozzxeyj69i1id9gb0ro4n6tteq3clf14", "fields": {"session_data": "e30:1vmE1c:F6h9VrMI8Gi7-HyvAClg1pdb4F6whf3izFRnckhTJ3E", "expire_date": "2026-02-14T16:40:44.110Z"}}, {"model": "sessions.session", "pk": "rftm1mbid2oqs3d0ouwoxa5cwv8afz9x", "fields": {"session_data": "e30:1vmE1c:F6h9VrMI8Gi7-HyvAClg1pdb4F6whf3izFRnckhTJ3E", "expire_date": "2026-02-14T16:40:44.117Z"}}, {"model": "sessions.session", "pk": "slmbkof0tuexbz95rgos9f32kfhd6k0p", "fields": {"session_data": ".eJxVjDsOwjAQBe_iGlnrxF9K-pwh2njXOIBsKU4qxN1JpBTQzsx7bzHituZxa7yMM4mr6MTll00Yn1wOQQ8s9ypjLesyT_JI5GmbHCrx63a2fwcZW97XvkfHjj1MUVEg01EAgqSVChoBSTnqd2KsZkCbDEf0EU1SMVhwGsTnC-pYN_g:1vmH8C:-ANQixS9hZraZ38dxIYNA7mLyuemKHDlmh5FN4AUTn0", "expire_date": "2026-02-14T19:59:44.871Z"}}, {"model": "sessions.session", "pk": "v9y2njn235v7onkkmxw39vhq558l57xo", "fields": {"session_data": "e30:1vm8vD:XEqp6uFxyY9xTungFkRz4njQq7yNcovlEcnXzDTPrh0", "expire_date": "2026-02-14T11:13:47.217Z"}}, {"model": "sites.site", "fields": {"domain": "example.com", "name": "example.com"}}, {"model": "users.user", "fields": {"password": "!vBOYRsoULFQstT3lbOyYBimc5ysI992TKmV36bLH", "last_login": null, "is_superuser": true, "username": "admin@nectarnut.com", "first_name": "", "last_name": "", "is_staff": true, "is_active": true, "date_joined": "2026-01-31T10:12:54.394Z", "email": "admin", "phone_number": null, "groups": [], "user_permissions": []}}, {"model": "users.user", "fields": {"password": "pbkdf2_sha256$1000000$YAeAWW5qZDCNRta2eYnTom$zw87JwdDvOXthiQqXuwhaz8e6SRd+IhlBwj5HD3bjzY=", "last_login": "2026-01-31T19:59:44.870Z", "is_superuser": true, "username": "admin", "first_name": "", "last_name": "", "is_staff": true, "is_active": true, "date_joined": "2026-01-31T19:58:10.156Z", "email": "admin@example.com", "phone_number": null, "groups": [], "user_permissions": []}}, {"model": "users.user", "fields": {"password": "pbkdf2_sha256$1000000$EN5zOgL40Cc0iVQ9a8jQPL$aJEkoyHN6HJUntzaLn9dloRkz4A0FGLpDZgiSuLtqEo=", "last_login": null, "is_superuser": false, "username": "test_debug", "first_name": "Test", "last_name": "User", "is_staff": false, "is_active": true, "date_joined": "2026-01-31T20:03:14.903Z", "email": "test_debug@example.com", "phone_number": "", "groups": [], "user_permissions": []}}, {"model": "users.user", "fields": {"password": "pbkdf2_sha256$1000000$WcSD09ES11PgXwzmbVAbHQ$tDA6L4GNelZJgBIm5QFlUw1E4uar75YviJd7fudubpQ=", "last_login": "2026-02-01T06:46:25.298Z", "is_superuser": false, "username": "prakash4830jp", "first_name": "Jayaprakash", "last_name": "S", "is_staff": false, "is_active": true, "date_joined": "2026-01-31T20:25:48.089Z", "email": "prakash4830jp@gmail.com", "phone_number": "", "groups": [], "user_permissions": []}}, {"model": "users.address", "pk": 1, "fields": {"user": ["prakash4830jp@gmail.com"], "address_type": "home", "full_name": "Jayaprakash S", "phone": "08754813384", "address_line1": "47, Azhagappa Nagar", "address_line2": "Gundu Uppalavadi", "city": "cuddalore", "state": "Tamil Nadu", "pincode": "607002", "is_default": true, "created_at": "2026-01-31T20:33:58.567Z", "updated_at": "2026-01-31T20:33:58.567Z"}}, {"model": "products.category", "pk": 43, "fields": {"name": "Essential Nuts", "slug": "essential-nuts", "description": null, "image": "products/cat_essential_nuts_1769856679714.png", "is_active": true, "display_order": 0, "created_at": "2026-01-31T14:18:33.675Z", "updated_at": "2026-01-31T16:36:20.449Z"}}, {"model": "products.category", "pk": 44, "fields": {"name": "Dried Fruits & Figs", "slug": "dried-fruits-figs", "description": null, "image": "products/cat_dried_fruits_1769856697117.png", "is_active": true, "display_order": 0, "created_at": "2026-01-31T14:18:33.677Z", "updated_at": "2026-01-31T16:36:20.450Z"}}, {"model": "products.category", "pk": 45, "fields": {"name": "Exotic Nuts & Specialty Items", "slug": "exotic-nuts-specialty-items", "description": null, "image": "products/cat_exotic_nuts_1769856712080.png", "is_active": true, "display_order": 0, "created_at": "2026-01-31T14:18:33.678Z", "updated_at": "2026-01-31T16:36:20.451Z"}}, {"model": "products.category", "pk": 46, "fields": {"name": "Berries & Dehydrated Fruits", "slug": "berries-dehydrated-fruits", "description": null, "image": "products/cat_berries_1769856730868.png", "is_active": true, "display_order": 0, "created_at": "2026-01-31T14:18:33.680Z", "updated_at": "2026-01-31T16:36:20.452Z"}}, {"model": "products.category", "pk": 47, "fields": {"name": "Seeds & Health Mixes", "slug": "seeds-health-mixes", "description": null, "image": "products/cat_seeds_1769856747147.png", "is_active": true, "display_order": 0, "created_at": "2026-01-31T14:18:33.683Z", "updated_at": "2026-01-31T16:36:20.452Z"}}, {"model": "products.category", "pk": 48, "fields": {"name": "Value-Added Products", "slug": "value-added-products", "description": null, "image": "products/cat-value.png", "is_active": true, "display_order": 0, "created_at": "2026-01-31T14:18:33.684Z", "updated_at": "2026-01-31T16:36:20.453Z"}}, {"model": "products.product", "pk": 148, "fields": {"category": 43, "name": "California Almonds (Badam) - Premium", "slug": "california-almonds-badam-premium-1kg", "description": "Premium California almonds, perfect for snacking and soaking. Rich in Vitamin E.", "short_description": "", "price": "850.00", "compare_at_price": null, "stock": 86, "low_stock_threshold": 10, "sku": null, "weight": "1kg", "calories": null, "protein": null, "carbs": null, "fat": null, "fiber": null, "is_active": true, "is_featured": false, "is_bestseller": false, "created_at": "2026-01-31T14:18:33.686Z", "updated_at": "2026-01-31T14:18:33.686Z"}}, {"model": "products.product", "pk": 149, "fields": {"category": 43, "name": "Mamra Almonds - Royal Reserve", "slug": "mamra-almonds-royal-reserve-500g", "description": "Exclusive Mamra almonds with high oil content and superior crunch.", "short_description": "", "price": "2200.00", "compare_at_price": null, "stock": 78, "low_stock_threshold": 10, "sku": null, "weight": "500g", "calories": null, "protein": null, "carbs": null, "fat": null, "fiber": null, "is_active": true, "is_featured": false, "is_bestseller": false, "created_at": "2026-01-31T14:18:33.690Z", "updated_at": "2026-01-31T14:18:33.690Z"}}, {"model": "products.product", "pk": 150, "fields": {"category": 43, "name": "Cashews (Kaju) - W180 Jumbo", "slug": "cashews-kaju-w180-jumbo-500g", "description": "King size W180 cashews. Creamy, sweet, and crunchy.", "short_description": "", "price": "1200.00", "compare_at_price": null, "stock": 96, "low_stock_threshold": 10, "sku": null, "weight": "500g", "calories": null, "protein": null, "carbs": null, "fat": null, "fiber": null, "is_active": true, "is_featured": false, "is_bestseller": false, "created_at": "2026-01-31T14:18:33.692Z", "updated_at": "2026-01-31T14:18:33.692Z"}}, {"model": "products.product", "pk": 151, "fields": {"category": 43, "name": "Cashews (Kaju) - W320 Standard", "slug": "cashews-kaju-w320-standard-500g", "description": "Standard W320 grade cashews, ideal for cooking and daily use.", "short_description": "", "price": "850.00", "compare_at_price": null, "stock": 61, "low_stock_threshold": 10, "sku": null, "weight": "500g", "calories": null, "protein": null, "carbs": null, "fat": null, "fiber": null, "is_active": true, "is_featured": false, "is_bestseller": false, "created_at": "2026-01-31T14:18:33.694Z", "updated_at": "2026-01-31T14:18:33.694Z"}}, {"model": "products.product", "pk": 152, "fields": {"category": 43, "name": "Salted Pistachios (Pista) - Roasted", "slug": "salted-pistachios-pista-roasted-500g", "description": "Roasted and lightly salted pistachios in shell.", "short_description": "", "price": "1400.00", "compare_at_price": null, "stock": 97, "low_stock_threshold": 10, "sku": null, "weight": "500g", "calories": null, "protein": null, "carbs": null, "fat": null, "fiber": null, "is_active": true, "is_featured": false, "is_bestseller": false, "created_at": "2026-01-31T14:18:33.696Z", "updated_at": "2026-01-31T14:18:33.696Z"}}, {"model": "products.product", "pk": 153, "fields": {"category": 43, "name": "Walnut Kernels (Akhrot Giri)", "slug": "walnut-kernels-akhrot-giri-500g", "description": "Snow white walnut kernels, rich in Omega-3.", "short_description": "", "price": "1100.00", "compare_at_price": null, "stock": 66, "low_stock_threshold": 10, "sku": null, "weight": "500g", "calories": null, "protein": null, "carbs": null, "fat": null, "fiber": null, "is_active": true, "is_featured": false, "is_bestseller": false, "created_at": "2026-01-31T14:18:33.698Z", "updated_at": "2026-01-31T14:18:33.698Z"}}, {"model": "products.product", "pk": 154, "fields": {"category": 43, "name": "Golden Raisins (Kismis)", "slug": "golden-raisins-kismis-500g", "description": "Sweet and tangy golden raisins.", "short_description": "", "price": "450.00", "compare_at_price": null, "stock": 79, "low_stock_threshold": 10, "sku": null, "weight": "500g", "calories": null, "protein": null, "carbs": null, "fat": null, "fiber": null, "is_active": true, "is_featured": false, "is_bestseller": false, "created_at": "2026-01-31T14:18:33.700Z", "updated_at": "2026-01-31T14:18:33.700Z"}}, {"model": "products.product", "pk": 155, "fields": {"category": 44, "name": "Anjeer (Figs) - Premium", "slug": "anjeer-figs-premium-500g", "description": "Large, juicy dried figs. Excellent for digestion.", "short_description": "", "price": "1300.00", "compare_at_price": null, "stock": 187, "low_stock_threshold": 10, "sku": null, "weight": "500g", "calories": null, "protein": null, "carbs": null, "fat": null, "fiber": null, "is_active": true, "is_featured": false, "is_bestseller": false, "created_at": "2026-01-31T14:18:33.702Z", "updated_at": "2026-01-31T14:18:33.702Z"}}, {"model": "products.product", "pk": 156, "fields": {"category": 44, "name": "Medjool Dates (Khajoor)", "slug": "medjool-dates-khajoor-500g", "description": "Soft, caramel-like Medjool dates from Jordan.", "short_description": "", "price": "900.00", "compare_at_price": null, "stock": 129, "low_stock_threshold": 10, "sku": null, "weight": "500g", "calories": null, "protein": null, "carbs": null, "fat": null, "fiber": null, "is_active": true, "is_featured": false, "is_bestseller": false, "created_at": "2026-01-31T14:18:33.706Z", "updated_at": "2026-01-31T14:18:33.706Z"}}, {"model": "products.product", "pk": 157, "fields": {"category": 44, "name": "Turkish Apricots", "slug": "turkish-apricots-250g", "description": "Bright orange dried apricots, sweet and tart.", "short_description": "", "price": "700.00", "compare_at_price": null, "stock": 64, "low_stock_threshold": 10, "sku": null, "weight": "250g", "calories": null, "protein": null, "carbs": null, "fat": null, "fiber": null, "is_active": true, "is_featured": false, "is_bestseller": false, "created_at": "2026-01-31T14:18:33.708Z", "updated_at": "2026-01-31T14:18:33.708Z"}}, {"model": "products.product", "pk": 158, "fields": {"category": 44, "name": "Pitted Prunes", "slug": "pitted-prunes-250g", "description": "Moist and sweet pitted prunes, high in antioxidants.", "short_description": "", "price": "650.00", "compare_at_price": null, "stock": 55, "low_stock_threshold": 10, "sku": null, "weight": "250g", "calories": null, "protein": null, "carbs": null, "fat": null, "fiber": null, "is_active": true, "is_featured": false, "is_bestseller": false, "created_at": "2026-01-31T14:18:33.710Z", "updated_at": "2026-01-31T14:18:33.710Z"}}, {"model": "products.product", "pk": 159, "fields": {"category": 45, "name": "Macadamia Nuts", "slug": "macadamia-nuts-250g", "description": "The finest Macadamia nuts with a buttery flavor.", "short_description": "", "price": "2800.00", "compare_at_price": null, "stock": 117, "low_stock_threshold": 10, "sku": null, "weight": "250g", "calories": null, "protein": null, "carbs": null, "fat": null, "fiber": null, "is_active": true, "is_featured": false, "is_bestseller": false, "created_at": "2026-01-31T14:18:33.712Z", "updated_at": "2026-01-31T14:18:33.712Z"}}, {"model": "products.product", "pk": 160, "fields": {"category": 45, "name": "Hazelnuts (Filberts)", "slug": "hazelnuts-filberts-250g", "description": "Crunchy raw hazelnuts, perfect for baking.", "short_description": "", "price": "1100.00", "compare_at_price": null, "stock": 94, "low_stock_threshold": 10, "sku": null, "weight": "250g", "calories": null, "protein": null, "carbs": null, "fat": null, "fiber": null, "is_active": true, "is_featured": false, "is_bestseller": false, "created_at": "2026-01-31T14:18:33.713Z", "updated_at": "2026-01-31T14:18:33.713Z"}}, {"model": "products.product", "pk": 161, "fields": {"category": 45, "name": "Brazil Nuts", "slug": "brazil-nuts-250g", "description": "Large, creamy Brazil nuts, the best source of Selenium.", "short_description": "", "price": "1600.00", "compare_at_price": null, "stock": 191, "low_stock_threshold": 10, "sku": null, "weight": "250g", "calories": null, "protein": null, "carbs": null, "fat": null, "fiber": null, "is_active": true, "is_featured": false, "is_bestseller": false, "created_at": "2026-01-31T14:18:33.716Z", "updated_at": "2026-01-31T14:18:33.716Z"}}, {"model": "products.product", "pk": 162, "fields": {"category": 45, "name": "Pecan Nuts", "slug": "pecan-nuts-250g", "description": "Rich and buttery Pecan halves.", "short_description": "", "price": "1800.00", "compare_at_price": null, "stock": 200, "low_stock_threshold": 10, "sku": null, "weight": "250g", "calories": null, "protein": null, "carbs": null, "fat": null, "fiber": null, "is_active": true, "is_featured": false, "is_bestseller": false, "created_at": "2026-01-31T14:18:33.720Z", "updated_at": "2026-01-31T14:18:33.720Z"}}, {"model": "products.product", "pk": 163, "fields": {"category": 45, "name": "Pine Nuts (Chilgoza)", "slug": "pine-nuts-chilgoza-100g", "description": "Premium Pine Nuts with shell. A rare delicacy.", "short_description": "", "price": "4500.00", "compare_at_price": null, "stock": 172, "low_stock_threshold": 10, "sku": null, "weight": "100g", "calories": null, "protein": null, "carbs": null, "fat": null, "fiber": null, "is_active": true, "is_featured": false, "is_bestseller": false, "created_at": "2026-01-31T14:18:33.722Z", "updated_at": "2026-01-31T14:18:33.722Z"}}, {"model": "products.product", "pk": 164, "fields": {"category": 46, "name": "Cranberries (Dried)", "slug": "cranberries-dried-250g", "description": "Sliced dried cranberries, sweet and tangy.", "short_description": "", "price": "450.00", "compare_at_price": null, "stock": 89, "low_stock_threshold": 10, "sku": null, "weight": "250g", "calories": null, "protein": null, "carbs": null, "fat": null, "fiber": null, "is_active": true, "is_featured": false, "is_bestseller": false, "created_at": "2026-01-31T14:18:33.724Z", "updated_at": "2026-01-31T14:18:33.724Z"}}, {"model": "products.product", "pk": 165, "fields": {"category": 46, "name": "Dried Blueberries", "slug": "dried-blueberries-250g", "description": "Whole dried blueberries. Bursting with flavor.", "short_description": "", "price": "900.00", "compare_at_price": null, "stock": 62, "low_stock_threshold": 10, "sku": null, "weight": "250g", "calories": null, "protein": null, "carbs": null, "fat": null, "fiber": null, "is_active": true, "is_featured": false, "is_bestseller": false, "created_at": "2026-01-31T14:18:33.726Z", "updated_at": "2026-01-31T14:18:33.726Z"}}, {"model": "products.product", "pk": 166, "fields": {"category": 46, "name": "Dehydrated Mango", "slug": "dehydrated-mango-200g", "description": "Chewy slices of Alphonso mango.", "short_description": "", "price": "400.00", "compare_at_price": null, "stock": 80, "low_stock_threshold": 10, "sku": null, "weight": "200g", "calories": null, "protein": null, "carbs": null, "fat": null, "fiber": null, "is_active": true, "is_featured": false, "is_bestseller": false, "created_at": "2026-01-31T14:18:33.728Z", "updated_at": "2026-01-31T14:18:33.728Z"}}, {"model": "products.product", "pk": 167, "fields": {"category": 46, "name": "Dried Kiwi Slices", "slug": "dried-kiwi-slices-200g", "description": "Vibrant green dried kiwi slices.", "short_description": "", "price": "350.00", "compare_at_price": null, "stock": 120, "low_stock_threshold": 10, "sku": null, "weight": "200g", "calories": null, "protein": null, "carbs": null, "fat": null, "fiber": null, "is_active": true, "is_featured": false, "is_bestseller": false, "created_at": "2026-01-31T14:18:33.730Z", "updated_at": "2026-01-31T14:18:33.730Z"}}, {"model": "products.product", "pk": 168, "fields": {"category": 47, "name": "Pumpkin Seeds", "slug": "pumpkin-seeds-250g", "description": "Raw green pumpkin seeds (AA Grade).", "short_description": "", "price": "400.00", "compare_at_price": null, "stock": 127, "low_stock_threshold": 10, "sku": null, "weight": "250g", "calories": null, "protein": null, "carbs": null, "fat": null, "fiber": null, "is_active": true, "is_featured": false, "is_bestseller": false, "created_at": "2026-01-31T14:18:33.732Z", "updated_at": "2026-01-31T14:18:33.732Z"}}, {"model": "products.product", "pk": 169, "fields": {"category": 47, "name": "Chia Seeds", "slug": "chia-seeds-250g", "description": "Premium black chia seeds.", "short_description": "", "price": "350.00", "compare_at_price": null, "stock": 149, "low_stock_threshold": 10, "sku": null, "weight": "250g", "calories": null, "protein": null, "carbs": null, "fat": null, "fiber": null, "is_active": true, "is_featured": false, "is_bestseller": false, "created_at": "2026-01-31T14:18:33.735Z", "updated_at": "2026-01-31T14:18:33.735Z"}}, {"model": "products.product", "pk": 170, "fields": {"category": 47, "name": "Sunflower Seeds", "slug": "sunflower-seeds-250g", "description": "Raw sunflower seeds, perfect for salads.", "short_description": "", "price": "250.00", "compare_at_price": null, "stock": 76, "low_stock_threshold": 10, "sku": null, "weight": "250g", "calories": null, "protein": null, "carbs": null, "fat": null, "fiber": null, "is_active": true, "is_featured": false, "is_bestseller": false, "created_at": "2026-01-31T14:18:33.737Z", "updated_at": "2026-01-31T14:18:33.737Z"}}, {"model": "products.product", "pk": 171, "fields": {"category": 47, "name": "7-Seeds Super Mix", "slug": "7-seeds-super-mix-250g", "description": "A healthy blend of Pumpkin, Chia, Flax, Sunflower, and Melon seeds.", "short_description": "", "price": "450.00", "compare_at_price": null, "stock": 94, "low_stock_threshold": 10, "sku": null, "weight": "250g", "calories": null, "protein": null, "carbs": null, "fat": null, "fiber": null, "is_active": true, "is_featured": false, "is_bestseller": false, "created_at": "2026-01-31T14:18:33.740Z", "updated_at": "2026-01-31T14:18:33.740Z"}}, {"model": "products.product", "pk": 172, "fields": {"category": 48, "name": "Luxury Gift Hamper", "slug": "luxury-gift-hamper-1 box", "description": "Assorted premium nuts and berries in a festive box.", "short_description": "", "price": "2500.00", "compare_at_price": null, "stock": 117, "low_stock_threshold": 10, "sku": null, "weight": "1 Box", "calories": null, "protein": null, "carbs": null, "fat": null, "fiber": null, "is_active": true, "is_featured": false, "is_bestseller": false, "created_at": "2026-01-31T14:18:33.741Z", "updated_at": "2026-01-31T14:18:33.741Z"}}, {"model": "products.product", "pk": 173, "fields": {"category": 48, "name": "Chocolate Coated Almonds", "slug": "chocolate-coated-almonds-300g", "description": "Roasted almonds dipped in dark chocolate.", "short_description": "", "price": "800.00", "compare_at_price": null, "stock": 178, "low_stock_threshold": 10, "sku": null, "weight": "300g", "calories": null, "protein": null, "carbs": null, "fat": null, "fiber": null, "is_active": true, "is_featured": false, "is_bestseller": false, "created_at": "2026-01-31T14:18:33.743Z", "updated_at": "2026-01-31T14:18:33.743Z"}}, {"model": "products.product", "pk": 174, "fields": {"category": 48, "name": "Peri Peri Cashews", "slug": "peri-peri-cashews-200g", "description": "Spicy roasted cashews with peri peri seasoning.", "short_description": "", "price": "550.00", "compare_at_price": null, "stock": 122, "low_stock_threshold": 10, "sku": null, "weight": "200g", "calories": null, "protein": null, "carbs": null, "fat": null, "fiber": null, "is_active": true, "is_featured": false, "is_bestseller": false, "created_at": "2026-01-31T14:18:33.745Z", "updated_at": "2026-01-31T14:18:33.745Z"}}, {"model": "products.product", "pk": 175, "fields": {"category": 48, "name": "Peri Peri Cashews", "slug": "peri-peri-cashews-50g", "description": "Spicy roasted cashews with peri peri seasoning.", "short_description": "", "price": "138.00", "compare_at_price": null, "stock": 122, "low_stock_threshold": 10, "sku": "SKU-peri-peri-cashews-50g", "weight": "50g", "calories": null, "protein": null, "carbs": null, "fat": null, "fiber": null, "is_active": true, "is_featured": false, "is_bestseller": false, "created_at": "2026-01-31T19:39:36.936Z", "updated_at": "2026-01-31T19:39:36.936Z"}}, {"model": "products.product", "pk": 176, "fields": {"category": 48, "name": "Peri Peri Cashews", "slug": "peri-peri-cashews-100g", "description": "Spicy roasted cashews with peri peri seasoning.", "short_description": "", "price": "275.00", "compare_at_price": null, "stock": 122, "low_stock_threshold": 10, "sku": "SKU-peri-peri-cashews-100g", "weight": "100g", "calories": null, "protein": null, "carbs": null, "fat": null, "fiber": null, "is_active": true, "is_featured": false, "is_bestseller": false, "created_at": "2026-01-31T19:39:36.940Z", "updated_at": "2026-01-31T19:39:36.940Z"}}, {"model": "products.product", "pk": 177, "fields": {"category": 48, "name": "Peri Peri Cashews", "slug": "peri-peri-cashews-300g", "description": "Spicy roasted cashews with peri peri seasoning.", "short_description": "", "price": "825.00", "compare_at_price": null, "stock": 122, "low_stock_threshold": 10, "sku": "SKU-peri-peri-cashews-300g", "weight": "300g", "calories": null, "protein": null, "carbs": null, "fat": null, "fiber": null, "is_active": true, "is_featured": false, "is_bestseller": false, "created_at": "2026-01-31T19:39:36.943Z", "updated_at": "2026-01-31T19:39:36.943Z"}}, {"model": "products.product", "pk": 178, "fields": {"category": 48, "name": "Peri Peri Cashews", "slug": "peri-peri-cashews-500g", "description": "Spicy roasted cashews with peri peri seasoning.", "short_description": "", "price": "1375.00", "compare_at_price": null, "stock": 122, "low_stock_threshold": 10, "sku": "SKU-peri-peri-cashews-500g", "weight": "500g", "calories": null, "protein": null, "carbs": null, "fat": null, "fiber": null, "is_active": true, "is_featured": false, "is_bestseller": false, "created_at": "2026-01-31T19:39:36.946Z", "updated_at": "2026-01-31T19:39:36.946Z"}}, {"model": "products.product", "pk": 179, "fields": {"category": 48, "name": "Chocolate Coated Almonds", "slug": "chocolate-coated-almonds-50g", "description": "Roasted almonds dipped in dark chocolate.", "short_description": "", "price": "133.00", "compare_at_price": null, "stock": 178, "low_stock_threshold": 10, "sku": "SKU-chocolate-coated-almonds-50g", "weight": "50g", "calories": null, "protein": null, "carbs": null, "fat": null, "fiber": null, "is_active": true, "is_featured": false, "is_bestseller": false, "created_at": "2026-01-31T19:39:36.950Z", "updated_at": "2026-01-31T19:39:36.950Z"}}, {"model": "products.product", "pk": 180, "fields": {"category": 48, "name": "Chocolate Coated Almonds", "slug": "chocolate-coated-almonds-100g", "description": "Roasted almonds dipped in dark chocolate.", "short_description": "", "price": "267.00", "compare_at_price": null, "stock": 178, "low_stock_threshold": 10, "sku": "SKU-chocolate-coated-almonds-100g", "weight": "100g", "calories": null, "protein": null, "carbs": null, "fat": null, "fiber": null, "is_active": true, "is_featured": false, "is_bestseller": false, "created_at": "2026-01-31T19:39:36.952Z", "updated_at": "2026-01-31T19:39:36.952Z"}}, {"model": "products.product", "pk": 181, "fields": {"category": 48, "name": "Chocolate Coated Almonds", "slug": "chocolate-coated-almonds-200g", "description": "Roasted almonds dipped in dark chocolate.", "short_description": "", "price": "533.00", "compare_at_price": null, "stock": 178, "low_stock_threshold": 10, "sku": "SKU-chocolate-coated-almonds-200g", "weight": "200g", "calories": null, "protein": null, "carbs": null, "fat": null, "fiber": null, "is_active": true, "is_featured": false, "is_bestseller": false, "created_at": "2026-01-31T19:39:36.954Z", "updated_at": "2026-01-31T19:39:36.954Z"}}, {"model": "products.product", "pk": 182, "fields": {"category": 48, "name": "Chocolate Coated Almonds", "slug": "chocolate-coated-almonds-500g", "description": "Roasted almonds dipped in dark chocolate.", "short_description": "", "price": "1333.00", "compare_at_price": null, "stock": 178, "low_stock_threshold": 10, "sku": "SKU-chocolate-coated-almonds-500g", "weight": "500g", "calories": null, "protein": null, "carbs": null, "fat": null, "fiber": null, "is_active": true, "is_featured": false, "is_bestseller": false, "created_at": "2026-01-31T19:39:36.957Z", "updated_at": "2026-01-31T19:39:36.957Z"}}, {"model": "products.product", "pk": 183, "fields": {"category": 48, "name": "Luxury Gift Hamper", "slug": "luxury-gift-hamper-50g", "description": "Assorted premium nuts and berries in a festive box.", "short_description": "", "price": "625.00", "compare_at_price": null, "stock": 117, "low_stock_threshold": 10, "sku": "SKU-luxury-gift-hamper-50g", "weight": "50g", "calories": null, "protein": null, "carbs": null, "fat": null, "fiber": null, "is_active": true, "is_featured": false, "is_bestseller": false, "created_at": "2026-01-31T19:39:36.961Z", "updated_at": "2026-01-31T19:39:36.961Z"}}, {"model": "products.product", "pk": 184, "fields": {"category": 48, "name": "Luxury Gift Hamper", "slug": "luxury-gift-hamper-100g", "description": "Assorted premium nuts and berries in a festive box.", "short_description": "", "price": "1250.00", "compare_at_price": null, "stock": 117, "low_stock_threshold": 10, "sku": "SKU-luxury-gift-hamper-100g", "weight": "100g", "calories": null, "protein": null, "carbs": null, "fat": null, "fiber": null, "is_active": true, "is_featured": false, "is_bestseller": false, "created_at": "2026-01-31T19:39:36.964Z", "updated_at": "2026-01-31T19:39:36.964Z"}}, {"model": "products.product", "pk": 185, "fields": {"category": 48, "name": "Luxury Gift Hamper", "slug": "luxury-gift-hamper-200g", "description": "Assorted premium nuts and berries in a festive box.", "short_description": "", "price": "2500.00", "compare_at_price": null, "stock": 117, "low_stock_threshold": 10, "sku": "SKU-luxury-gift-hamper-200g", "weight": "200g", "calories": null, "protein": null, "carbs": null, "fat": null, "fiber": null, "is_active": true, "is_featured": false, "is_bestseller": false, "created_at": "2026-01-31T19:39:36.966Z", "updated_at": "2026-01-31T19:39:36.966Z"}}, {"model": "products.product", "pk": 186, "fields": {"category": 48, "name": "Luxury Gift Hamper", "slug": "luxury-gift-hamper-300g", "description": "Assorted premium nuts and berries in a festive box.", "short_description": "", "price": "3750.00", "compare_at_price": null, "stock": 117, "low_stock_threshold": 10, "sku": "SKU-luxury-gift-hamper-300g", "weight": "300g", "calories": null, "protein": null, "carbs": null, "fat": null, "fiber": null, "is_active": true, "is_featured": false, "is_bestseller": false, "created_at": "2026-01-31T19:39:36.968Z", "updated_at": "2026-01-31T19:39:36.968Z"}}, {"model": "products.product", "pk": 187, "fields": {"category": 48, "name": "Luxury Gift Hamper", "slug": "luxury-gift-hamper-500g", "description": "Assorted premium nuts and berries in a festive box.", "short_description": "", "price": "6250.00", "compare_at_price": null, "stock": 117, "low_stock_threshold": 10, "sku": "SKU-luxury-gift-hamper-500g", "weight": "500g", "calories": null, "protein": null, "carbs": null, "fat": null, "fiber": null, "is_active": true, "is_featured": false, "is_bestseller": false, "created_at": "2026-01-31T19:39:36.970Z", "updated_at": "2026-01-31T19:39:36.970Z"}}, {"model": "products.product", "pk": 188, "fields": {"category": 47, "name": "7-Seeds Super Mix", "slug": "7-seeds-super-mix-50g", "description": "A healthy blend of Pumpkin, Chia, Flax, Sunflower, and Melon seeds.", "short_description": "", "price": "90.00", "compare_at_price": null, "stock": 94, "low_stock_threshold": 10, "sku": "SKU-7-seeds-super-mix-50g", "weight": "50g", "calories": null, "protein": null, "carbs": null, "fat": null, "fiber": null, "is_active": true, "is_featured": false, "is_bestseller": false, "created_at": "2026-01-31T19:39:36.974Z", "updated_at": "2026-01-31T19:39:36.974Z"}}, {"model": "products.product", "pk": 189, "fields": {"category": 47, "name": "7-Seeds Super Mix", "slug": "7-seeds-super-mix-100g", "description": "A healthy blend of Pumpkin, Chia, Flax, Sunflower, and Melon seeds.", "short_description": "", "price": "180.00", "compare_at_price": null, "stock": 94, "low_stock_threshold": 10, "sku": "SKU-7-seeds-super-mix-100g", "weight": "100g", "calories": null, "protein": null, "carbs": null, "fat": null, "fiber": null, "is_active": true, "is_featured": false, "is_bestseller": false, "created_at": "2026-01-31T19:39:36.978Z", "updated_at": "2026-01-31T19:39:36.978Z"}}, {"model": "products.product", "pk": 190, "fields": {"category": 47, "name": "7-Seeds Super Mix", "slug": "7-seeds-super-mix-200g", "description": "A healthy blend of Pumpkin, Chia, Flax, Sunflower, and Melon seeds.", "short_description": "", "price": "360.00", "compare_at_price": null, "stock": 94, "low_stock_threshold": 10, "sku": "SKU-7-seeds-super-mix-200g", "weight": "200g", "calories": null, "protein": null, "carbs": null, "fat": null, "fiber": null, "is_active": true, "is_featured": false, "is_bestseller": false, "created_at": "2026-01-31T19:39:36.981Z", "updated_at": "2026-01-31T19:39:36.981Z"}}, {"model": "products.product", "pk": 191, "fields": {"category": 47, "name": "7-Seeds Super Mix", "slug": "7-seeds-super-mix-300g", "description": "A healthy blend of Pumpkin, Chia, Flax, Sunflower, and Melon seeds.", "short_description": "", "price": "540.00", "compare_at_price": null, "stock": 94, "low_stock_threshold": 10, "sku": "SKU-7-seeds-super-mix-300g", "weight": "300g", "calories": null, "protein": null, "carbs": null, "fat": null, "fiber": null, "is_active": true, "is_featured": false, "is_bestseller": false, "created_at": "2026-01-31T19:39:36.983Z", "updated_at": "2026-01-31T19:39:36.983Z"}}, {"model": "products.product", "pk": 192, "fields": {"category": 47, "name": "7-Seeds Super Mix", "slug": "7-seeds-super-mix-500g", "description": "A healthy blend of Pumpkin, Chia, Flax, Sunflower, and Melon seeds.", "short_description": "", "price": "900.00", "compare_at_price": null, "stock": 94, "low_stock_threshold": 10, "sku": "SKU-7-seeds-super-mix-500g", "weight": "500g", "calories": null, "protein": null, "carbs": null, "fat": null, "fiber": null, "is_active": true, "is_featured": false, "is_bestseller": false, "created_at": "2026-01-31T19:39:36.985Z", "updated_at": "2026-01-31T19:39:36.985Z"}}, {"model": "products.product", "pk": 193, "fields": {"category": 47, "name": "Sunflower Seeds", "slug": "sunflower-seeds-50g", "description": "Raw sunflower seeds, perfect for salads.", "short_description": "", "price": "50.00", "compare_at_price": null, "stock": 76, "low_stock_threshold": 10, "sku": "SKU-sunflower-seeds-50g", "weight": "50g", "calories": null, "protein": null, "carbs": null, "fat": null, "fiber": null, "is_active": true, "is_featured": false, "is_bestseller": false, "created_at": "2026-01-31T19:39:36.988Z", "updated_at": "2026-01-31T19:39:36.988Z"}}, {"model": "products.product", "pk": 194, "fields": {"category": 47, "name": "Sunflower Seeds", "slug": "sunflower-seeds-100g", "description": "Raw sunflower seeds, perfect for salads.", "short_description": "", "price": "100.00", "compare_at_price": null, "stock": 76, "low_stock_threshold": 10, "sku": "SKU-sunflower-seeds-100g", "weight": "100g", "calories": null, "protein": null, "carbs": null, "fat": null, "fiber": null, "is_active": true, "is_featured": false, "is_bestseller": false, "created_at": "2026-01-31T19:39:36.990Z", "updated_at": "2026-01-31T19:39:36.990Z"}}, {"model": "products.product", "pk": 195, "fields": {"category": 47, "name": "Sunflower Seeds", "slug": "sunflower-seeds-200g", "description": "Raw sunflower seeds, perfect for salads.", "short_description": "", "price": "200.00", "compare_at_price": null, "stock": 76, "low_stock_threshold": 10, "sku": "SKU-sunflower-seeds-200g", "weight": "200g", "calories": null, "protein": null, "carbs": null, "fat": null, "fiber": null, "is_active": true, "is_featured": false, "is_bestseller": false, "created_at": "2026-01-31T19:39:36.992Z", "updated_at": "2026-01-31T19:39:36.993Z"}}, {"model": "products.product", "pk": 196, "fields": {"category": 47, "name": "Sunflower Seeds", "slug": "sunflower-seeds-300g", "description": "Raw sunflower seeds, perfect for salads.", "short_description": "", "price": "300.00", "compare_at_price": null, "stock": 76, "low_stock_threshold": 10, "sku": "SKU-sunflower-seeds-300g", "weight": "300g", "calories": null, "protein": null, "carbs": null, "fat": null, "fiber": null, "is_active": true, "is_featured": false, "is_bestseller": false, "created_at": "2026-01-31T19:39:36.996Z", "updated_at": "2026-01-31T19:39:36.996Z"}}, {"model": "products.product", "pk": 197, "fields": {"category": 47, "name": "Sunflower Seeds", "slug": "sunflower-seeds-500g", "description": "Raw sunflower seeds, perfect for salads.", "short_description": "", "price": "500.00", "compare_at_price": null, "stock": 76, "low_stock_threshold": 10, "sku": "SKU-sunflower-seeds-500g", "weight": "500g", "calories": null, "protein": null, "carbs": null, "fat": null, "fiber": null, "is_active": true, "is_featured": false, "is_bestseller": false, "created_at": "2026-01-31T19:39:36.998Z", "updated_at": "2026-01-31T19:39:36.998Z"}}, {"model": "products.product", "pk": 198, "fields": {"category": 47, "name": "Chia Seeds", "slug": "chia-seeds-50g", "description": "Premium black chia seeds.", "short_description": "", "price": "70.00", "compare_at_price": null, "stock": 149, "low_stock_threshold": 10, "sku": "SKU-chia-seeds-50g", "weight": "50g", "calories": null, "protein": null, "carbs": null, "fat": null, "fiber": null, "is_active": true, "is_featured": false, "is_bestseller": false, "created_at": "2026-01-31T19:39:37.001Z", "updated_at": "2026-01-31T19:39:37.001Z"}}, {"model": "products.product", "pk": 199, "fields": {"category": 47, "name": "Chia Seeds", "slug": "chia-seeds-100g", "description": "Premium black chia seeds.", "short_description": "", "price": "140.00", "compare_at_price": null, "stock": 149, "low_stock_threshold": 10, "sku": "SKU-chia-seeds-100g", "weight": "100g", "calories": null, "protein": null, "carbs": null, "fat": null, "fiber": null, "is_active": true, "is_featured": false, "is_bestseller": false, "created_at": "2026-01-31T19:39:37.003Z", "updated_at": "2026-01-31T19:39:37.003Z"}}, {"model": "products.product", "pk": 200, "fields": {"category": 47, "name": "Chia Seeds", "slug": "chia-seeds-200g", "description": "Premium black chia seeds.", "short_description": "", "price": "280.00", "compare_at_price": null, "stock": 149, "low_stock_threshold": 10, "sku": "SKU-chia-seeds-200g", "weight": "200g", "calories": null, "protein": null, "carbs": null, "fat": null, "fiber": null, "is_active": true, "is_featured": false, "is_bestseller": false, "created_at": "2026-01-31T19:39:37.005Z", "updated_at": "2026-01-31T19:39:37.005Z"}}, {"model": "products.product", "pk": 201, "fields": {"category": 47, "name": "Chia Seeds", "slug": "chia-seeds-300g", "description": "Premium black chia seeds.", "short_description": "", "price": "420.00", "compare_at_price": null, "stock": 149, "low_stock_threshold": 10, "sku": "SKU-chia-seeds-300g", "weight": "300g", "calories": null, "protein": null, "carbs": null, "fat": null, "fiber": null, "is_active": true, "is_featured": false, "is_bestseller": false, "created_at": "2026-01-31T19:39:37.007Z", "updated_at": "2026-01-31T19:39:37.007Z"}}, {"model": "products.product", "pk": 202, "fields": {"category": 47, "name": "Chia Seeds", "slug": "chia-seeds-500g", "description": "Premium black chia seeds.", "short_description": "", "price": "700.00", "compare_at_price": null, "stock": 149, "low_stock_threshold": 10, "sku": "SKU-chia-seeds-500g", "weight": "500g", "calories": null, "protein": null, "carbs": null, "fat": null, "fiber": null, "is_active": true, "is_featured": false, "is_bestseller": false, "created_at": "2026-01-31T19:39:37.009Z", "updated_at": "2026-01-31T19:39:37.009Z"}}, {"model": "products.product", "pk": 203, "fields": {"category": 47, "name": "Pumpkin Seeds", "slug": "pumpkin-seeds-50g", "description": "Raw green pumpkin seeds (AA Grade).", "short_description": "", "price": "80.00", "compare_at_price": null, "stock": 127, "low_stock_threshold": 10, "sku": "SKU-pumpkin-seeds-50g", "weight": "50g", "calories": null, "protein": null, "carbs": null, "fat": null, "fiber": null, "is_active": true, "is_featured": false, "is_bestseller": false, "created_at": "2026-01-31T19:39:37.012Z", "updated_at": "2026-01-31T19:39:37.012Z"}}, {"model": "products.product", "pk": 204, "fields": {"category": 47, "name": "Pumpkin Seeds", "slug": "pumpkin-seeds-100g", "description": "Raw green pumpkin seeds (AA Grade).", "short_description": "", "price": "160.00", "compare_at_price": null, "stock": 127, "low_stock_threshold": 10, "sku": "SKU-pumpkin-seeds-100g", "weight": "100g", "calories": null, "protein": null, "carbs": null, "fat": null, "fiber": null, "is_active": true, "is_featured": false, "is_bestseller": false, "created_at": "2026-01-31T19:39:37.014Z", "updated_at": "2026-01-31T19:39:37.014Z"}}, {"model": "products.product", "pk": 205, "fields": {"category": 47, "name": "Pumpkin Seeds", "slug": "pumpkin-seeds-200g", "description": "Raw green pumpkin seeds (AA Grade).", "short_description": "", "price": "320.00", "compare_at_price": null, "stock": 127, "low_stock_threshold": 10, "sku": "SKU-pumpkin-seeds-200g", "weight": "200g", "calories": null, "protein": null, "carbs": null, "fat": null, "fiber": null, "is_active": true, "is_featured": false, "is_bestseller": false, "created_at": "2026-01-31T19:39:37.016Z", "updated_at": "2026-01-31T19:39:37.016Z"}}, {"model": "products.product", "pk": 206, "fields": {"category": 47, "name": "Pumpkin Seeds", "slug": "pumpkin-seeds-300g", "description": "Raw green pumpkin seeds (AA Grade).", "short_description": "", "price": "480.00", "compare_at_price": null, "stock": 127, "low_stock_threshold": 10, "sku": "SKU-pumpkin-seeds-300g", "weight": "300g", "calories": null, "protein": null, "carbs": null, "fat": null, "fiber": null, "is_active": true, "is_featured": false, "is_bestseller": false, "created_at": "2026-01-31T19:39:37.018Z", "updated_at": "2026-01-31T19:39:37.018Z"}}, {"model": "products.product", "pk": 207, "fields": {"category": 47, "name": "Pumpkin Seeds", "slug": "pumpkin-seeds-500g", "description": "Raw green pumpkin seeds (AA Grade).", "short_description": "", "price": "800.00", "compare_at_price": null, "stock": 127, "low_stock_threshold": 10, "sku": "SKU-pumpkin-seeds-500g", "weight": "500g", "calories": null, "protein": null, "carbs": null, "fat": null, "fiber": null, "is_active": true, "is_featured": false, "is_bestseller": false, "created_at": "2026-01-31T19:39:37.020Z", "updated_at": "2026-01-31T19:39:37.020Z"}}, {"model": "products.product", "pk": 208, "fields": {"category": 46, "name": "Dried Kiwi Slices", "slug": "dried-kiwi-slices-50g", "description": "Vibrant green dried kiwi slices.", "short_description": "", "price": "88.00", "compare_at_price": null, "stock": 120, "low_stock_threshold": 10, "sku": "SKU-dried-kiwi-slices-50g", "weight": "50g", "calories": null, "protein": null, "carbs": null, "fat": null, "fiber": null, "is_active": true, "is_featured": false, "is_bestseller": false, "created_at": "2026-01-31T19:39:37.024Z", "updated_at": "2026-01-31T19:39:37.024Z"}}, {"model": "products.product", "pk": 209, "fields": {"category": 46, "name": "Dried Kiwi Slices", "slug": "dried-kiwi-slices-100g", "description": "Vibrant green dried kiwi slices.", "short_description": "", "price": "175.00", "compare_at_price": null, "stock": 120, "low_stock_threshold": 10, "sku": "SKU-dried-kiwi-slices-100g", "weight": "100g", "calories": null, "protein": null, "carbs": null, "fat": null, "fiber": null, "is_active": true, "is_featured": false, "is_bestseller": false, "created_at": "2026-01-31T19:39:37.027Z", "updated_at": "2026-01-31T19:39:37.027Z"}}, {"model": "products.product", "pk": 210, "fields": {"category": 46, "name": "Dried Kiwi Slices", "slug": "dried-kiwi-slices-300g", "description": "Vibrant green dried kiwi slices.", "short_description": "", "price": "525.00", "compare_at_price": null, "stock": 120, "low_stock_threshold": 10, "sku": "SKU-dried-kiwi-slices-300g", "weight": "300g", "calories": null, "protein": null, "carbs": null, "fat": null, "fiber": null, "is_active": true, "is_featured": false, "is_bestseller": false, "created_at": "2026-01-31T19:39:37.030Z", "updated_at": "2026-01-31T19:39:37.030Z"}}, {"model": "products.product", "pk": 211, "fields": {"category": 46, "name": "Dried Kiwi Slices", "slug": "dried-kiwi-slices-500g", "description": "Vibrant green dried kiwi slices.", "short_description": "", "price": "875.00", "compare_at_price": null, "stock": 120, "low_stock_threshold": 10, "sku": "SKU-dried-kiwi-slices-500g", "weight": "500g", "calories": null, "protein": null, "carbs": null, "fat": null, "fiber": null, "is_active": true, "is_featured": false, "is_bestseller": false, "created_at": "2026-01-31T19:39:37.033Z", "updated_at": "2026-01-31T19:39:37.033Z"}}, {"model": "products.product", "pk": 212, "fields": {"category": 46, "name": "Dehydrated Mango", "slug": "dehydrated-mango-50g", "description": "Chewy slices of Alphonso mango.", "short_description": "", "price": "100.00", "compare_at_price": null, "stock": 80, "low_stock_threshold": 10, "sku": "SKU-dehydrated-mango-50g", "weight": "50g", "calories": null, "protein": null, "carbs": null, "fat": null, "fiber": null, "is_active": true, "is_featured": false, "is_bestseller": false, "created_at": "2026-01-31T19:39:37.037Z", "updated_at": "2026-01-31T19:39:37.037Z"}}, {"model": "products.product", "pk": 213, "fields": {"category": 46, "name": "Dehydrated Mango", "slug": "dehydrated-mango-100g", "description": "Chewy slices of Alphonso mango.", "short_description": "", "price": "200.00", "compare_at_price": null, "stock": 80, "low_stock_threshold": 10, "sku": "SKU-dehydrated-mango-100g", "weight": "100g", "calories": null, "protein": null, "carbs": null, "fat": null, "fiber": null, "is_active": true, "is_featured": false, "is_bestseller": false, "created_at": "2026-01-31T19:39:37.039Z", "updated_at": "2026-01-31T19:39:37.039Z"}}, {"model": "products.product", "pk": 214, "fields": {"category": 46, "name": "Dehydrated Mango", "slug": "dehydrated-mango-300g", "description": "Chewy slices of Alphonso mango.", "short_description": "", "price": "600.00", "compare_at_price": null, "stock": 80, "low_stock_threshold": 10, "sku": "SKU-dehydrated-mango-300g", "weight": "300g", "calories": null, "protein": null, "carbs": null, "fat": null, "fiber": null, "is_active": true, "is_featured": false, "is_bestseller": false, "created_at": "2026-01-31T19:39:37.042Z", "updated_at": "2026-01-31T19:39:37.042Z"}}, {"model": "products.product", "pk": 215, "fields": {"category": 46, "name": "Dehydrated Mango", "slug": "dehydrated-mango-500g", "description": "Chewy slices of Alphonso mango.", "short_description": "", "price": "1000.00", "compare_at_price": null, "stock": 80, "low_stock_threshold": 10, "sku": "SKU-dehydrated-mango-500g", "weight": "500g", "calories": null, "protein": null, "carbs": null, "fat": null, "fiber": null, "is_active": true, "is_featured": false, "is_bestseller": false, "created_at": "2026-01-31T19:39:37.044Z", "updated_at": "2026-01-31T19:39:37.044Z"}}, {"model": "products.product", "pk": 216, "fields": {"category": 46, "name": "Dried Blueberries", "slug": "dried-blueberries-50g", "description": "Whole dried blueberries. Bursting with flavor.", "short_description": "", "price": "180.00", "compare_at_price": null, "stock": 62, "low_stock_threshold": 10, "sku": "SKU-dried-blueberries-50g", "weight": "50g", "calories": null, "protein": null, "carbs": null, "fat": null, "fiber": null, "is_active": true, "is_featured": false, "is_bestseller": false, "created_at": "2026-01-31T19:39:37.047Z", "updated_at": "2026-01-31T19:39:37.047Z"}}, {"model": "products.product", "pk": 217, "fields": {"category": 46, "name": "Dried Blueberries", "slug": "dried-blueberries-100g", "description": "Whole dried blueberries. Bursting with flavor.", "short_description": "", "price": "360.00", "compare_at_price": null, "stock": 62, "low_stock_threshold": 10, "sku": "SKU-dried-blueberries-100g", "weight": "100g", "calories": null, "protein": null, "carbs": null, "fat": null, "fiber": null, "is_active": true, "is_featured": false, "is_bestseller": false, "created_at": "2026-01-31T19:39:37.050Z", "updated_at": "2026-01-31T19:39:37.050Z"}}, {"model": "products.product", "pk": 218, "fields": {"category": 46, "name": "Dried Blueberries", "slug": "dried-blueberries-200g", "description": "Whole dried blueberries. Bursting with flavor.", "short_description": "", "price": "720.00", "compare_at_price": null, "stock": 62, "low_stock_threshold": 10, "sku": "SKU-dried-blueberries-200g", "weight": "200g", "calories": null, "protein": null, "carbs": null, "fat": null, "fiber": null, "is_active": true, "is_featured": false, "is_bestseller": false, "created_at": "2026-01-31T19:39:37.052Z", "updated_at": "2026-01-31T19:39:37.052Z"}}, {"model": "products.product", "pk": 219, "fields": {"category": 46, "name": "Dried Blueberries", "slug": "dried-blueberries-300g", "description": "Whole dried blueberries. Bursting with flavor.", "short_description": "", "price": "1080.00", "compare_at_price": null, "stock": 62, "low_stock_threshold": 10, "sku": "SKU-dried-blueberries-300g", "weight": "300g", "calories": null, "protein": null, "carbs": null, "fat": null, "fiber": null, "is_active": true, "is_featured": false, "is_bestseller": false, "created_at": "2026-01-31T19:39:37.055Z", "updated_at": "2026-01-31T19:39:37.055Z"}}, {"model": "products.product", "pk": 220, "fields": {"category": 46, "name": "Dried Blueberries", "slug": "dried-blueberries-500g", "description": "Whole dried blueberries. Bursting with flavor.", "short_description": "", "price": "1800.00", "compare_at_price": null, "stock": 62, "low_stock_threshold": 10, "sku": "SKU-dried-blueberries-500g", "weight": "500g", "calories": null, "protein": null, "carbs": null, "fat": null, "fiber": null, "is_active": true, "is_featured": false, "is_bestseller": false, "created_at": "2026-01-31T19:39:37.057Z", "updated_at": "2026-01-31T19:39:37.057Z"}}, {"model": "products.product", "pk": 221, "fields": {"category": 46, "name": "Cranberries (Dried)", "slug": "cranberries-dried-50g", "description": "Sliced dried cranberries, sweet and tangy.", "short_description": "", "price": "90.00", "compare_at_price": null, "stock": 89, "low_stock_threshold": 10, "sku": "SKU-cranberries-dried-50g", "weight": "50g", "calories": null, "protein": null, "carbs": null, "fat": null, "fiber": null, "is_active": true, "is_featured": false, "is_bestseller": false, "created_at": "2026-01-31T19:39:37.061Z", "updated_at": "2026-01-31T19:39:37.061Z"}}, {"model": "products.product", "pk": 222, "fields": {"category": 46, "name": "Cranberries (Dried)", "slug": "cranberries-dried-100g", "description": "Sliced dried cranberries, sweet and tangy.", "short_description": "", "price": "180.00", "compare_at_price": null, "stock": 89, "low_stock_threshold": 10, "sku": "SKU-cranberries-dried-100g", "weight": "100g", "calories": null, "protein": null, "carbs": null, "fat": null, "fiber": null, "is_active": true, "is_featured": false, "is_bestseller": false, "created_at": "2026-01-31T19:39:37.063Z", "updated_at": "2026-01-31T19:39:37.063Z"}}, {"model": "products.product", "pk": 223, "fields": {"category": 46, "name": "Cranberries (Dried)", "slug": "cranberries-dried-200g", "description": "Sliced dried cranberries, sweet and tangy.", "short_description": "", "price": "360.00", "compare_at_price": null, "stock": 89, "low_stock_threshold": 10, "sku": "SKU-cranberries-dried-200g", "weight": "200g", "calories": null, "protein": null, "carbs": null, "fat": null, "fiber": null, "is_active": true, "is_featured": false, "is_bestseller": false, "created_at": "2026-01-31T19:39:37.065Z", "updated_at": "2026-01-31T19:39:37.065Z"}}, {"model": "products.product", "pk": 224, "fields": {"category": 46, "name": "Cranberries (Dried)", "slug": "cranberries-dried-300g", "description": "Sliced dried cranberries, sweet and tangy.", "short_description": "", "price": "540.00", "compare_at_price": null, "stock": 89, "low_stock_threshold": 10, "sku": "SKU-cranberries-dried-300g", "weight": "300g", "calories": null, "protein": null, "carbs": null, "fat": null, "fiber": null, "is_active": true, "is_featured": false, "is_bestseller": false, "created_at": "2026-01-31T19:39:37.067Z", "updated_at": "2026-01-31T19:39:37.067Z"}}, {"model": "products.product", "pk": 225, "fields": {"category": 46, "name": "Cranberries (Dried)", "slug": "cranberries-dried-500g", "description": "Sliced dried cranberries, sweet and tangy.", "short_description": "", "price": "900.00", "compare_at_price": null, "stock": 89, "low_stock_threshold": 10, "sku": "SKU-cranberries-dried-500g", "weight": "500g", "calories": null, "protein": null, "carbs": null, "fat": null, "fiber": null, "is_active": true, "is_featured": false, "is_bestseller": false, "created_at": "2026-01-31T19:39:37.069Z", "updated_at": "2026-01-31T19:39:37.069Z"}}, {"model": "products.product", "pk": 226, "fields": {"category": 45, "name": "Pine Nuts (Chilgoza)", "slug": "pine-nuts-chilgoza-50g", "description": "Premium Pine Nuts with shell. A rare delicacy.", "short_description": "", "price": "2250.00", "compare_at_price": null, "stock": 172, "low_stock_threshold": 10, "sku": "SKU-pine-nuts-chilgoza-50g", "weight": "50g", "calories": null, "protein": null, "carbs": null, "fat": null, "fiber": null, "is_active": true, "is_featured": false, "is_bestseller": false, "created_at": "2026-01-31T19:39:37.073Z", "updated_at": "2026-01-31T19:39:37.073Z"}}, {"model": "products.product", "pk": 227, "fields": {"category": 45, "name": "Pine Nuts (Chilgoza)", "slug": "pine-nuts-chilgoza-200g", "description": "Premium Pine Nuts with shell. A rare delicacy.", "short_description": "", "price": "9000.00", "compare_at_price": null, "stock": 172, "low_stock_threshold": 10, "sku": "SKU-pine-nuts-chilgoza-200g", "weight": "200g", "calories": null, "protein": null, "carbs": null, "fat": null, "fiber": null, "is_active": true, "is_featured": false, "is_bestseller": false, "created_at": "2026-01-31T19:39:37.076Z", "updated_at": "2026-01-31T19:39:37.076Z"}}, {"model": "products.product", "pk": 228, "fields": {"category": 45, "name": "Pine Nuts (Chilgoza)", "slug": "pine-nuts-chilgoza-300g", "description": "Premium Pine Nuts with shell. A rare delicacy.", "short_description": "", "price": "13500.00", "compare_at_price": null, "stock": 172, "low_stock_threshold": 10, "sku": "SKU-pine-nuts-chilgoza-300g", "weight": "300g", "calories": null, "protein": null, "carbs": null, "fat": null, "fiber": null, "is_active": true, "is_featured": false, "is_bestseller": false, "created_at": "2026-01-31T19:39:37.078Z", "updated_at": "2026-01-31T19:39:37.078Z"}}, {"model": "products.product", "pk": 229, "fields": {"category": 45, "name": "Pine Nuts (Chilgoza)", "slug": "pine-nuts-chilgoza-500g", "description": "Premium Pine Nuts with shell. A rare delicacy.", "short_description": "", "price": "22500.00", "compare_at_price": null, "stock": 172, "low_stock_threshold": 10, "sku": "SKU-pine-nuts-chilgoza-500g", "weight": "500g", "calories": null, "protein": null, "carbs": null, "fat": null, "fiber": null, "is_active": true, "is_featured": false, "is_bestseller": false, "created_at": "2026-01-31T19:39:37.080Z", "updated_at": "2026-01-31T19:39:37.080Z"}}, {"model": "products.product", "pk": 230, "fields": {"category": 45, "name": "Pecan Nuts", "slug": "pecan-nuts-50g", "description": "Rich and buttery Pecan halves.", "short_description": "", "price": "360.00", "compare_at_price": null, "stock": 200, "low_stock_threshold": 10, "sku": "SKU-pecan-nuts-50g", "weight": "50g", "calories": null, "protein": null, "carbs": null, "fat": null, "fiber": null, "is_active": true, "is_featured": false, "is_bestseller": false, "created_at": "2026-01-31T19:39:37.083Z", "updated_at": "2026-01-31T19:39:37.083Z"}}, {"model": "products.product", "pk": 231, "fields": {"category": 45, "name": "Pecan Nuts", "slug": "pecan-nuts-100g", "description": "Rich and buttery Pecan halves.", "short_description": "", "price": "720.00", "compare_at_price": null, "stock": 200, "low_stock_threshold": 10, "sku": "SKU-pecan-nuts-100g", "weight": "100g", "calories": null, "protein": null, "carbs": null, "fat": null, "fiber": null, "is_active": true, "is_featured": false, "is_bestseller": false, "created_at": "2026-01-31T19:39:37.086Z", "updated_at": "2026-01-31T19:39:37.086Z"}}, {"model": "products.product", "pk": 232, "fields": {"category": 45, "name": "Pecan Nuts", "slug": "pecan-nuts-200g", "description": "Rich and buttery Pecan halves.", "short_description": "", "price": "1440.00", "compare_at_price": null, "stock": 200, "low_stock_threshold": 10, "sku": "SKU-pecan-nuts-200g", "weight": "200g", "calories": null, "protein": null, "carbs": null, "fat": null, "fiber": null, "is_active": true, "is_featured": false, "is_bestseller": false, "created_at": "2026-01-31T19:39:37.088Z", "updated_at": "2026-01-31T19:39:37.088Z"}}, {"model": "products.product", "pk": 233, "fields": {"category": 45, "name": "Pecan Nuts", "slug": "pecan-nuts-300g", "description": "Rich and buttery Pecan halves.", "short_description": "", "price": "2160.00", "compare_at_price": null, "stock": 200, "low_stock_threshold": 10, "sku": "SKU-pecan-nuts-300g", "weight": "300g", "calories": null, "protein": null, "carbs": null, "fat": null, "fiber": null, "is_active": true, "is_featured": false, "is_bestseller": false, "created_at": "2026-01-31T19:39:37.090Z", "updated_at": "2026-01-31T19:39:37.090Z"}}, {"model": "products.product", "pk": 234, "fields": {"category": 45, "name": "Pecan Nuts", "slug": "pecan-nuts-500g", "description": "Rich and buttery Pecan halves.", "short_description": "", "price": "3600.00", "compare_at_price": null, "stock": 200, "low_stock_threshold": 10, "sku": "SKU-pecan-nuts-500g", "weight": "500g", "calories": null, "protein": null, "carbs": null, "fat": null, "fiber": null, "is_active": true, "is_featured": false, "is_bestseller": false, "created_at": "2026-01-31T19:39:37.092Z", "updated_at": "2026-01-31T19:39:37.092Z"}}, {"model": "products.product", "pk": 235, "fields": {"category": 45, "name": "Brazil Nuts", "slug": "brazil-nuts-50g", "description": "Large, creamy Brazil nuts, the best source of Selenium.", "short_description": "", "price": "320.00", "compare_at_price": null, "stock": 191, "low_stock_threshold": 10, "sku": "SKU-brazil-nuts-50g", "weight": "50g", "calories": null, "protein": null, "carbs": null, "fat": null, "fiber": null, "is_active": true, "is_featured": false, "is_bestseller": false, "created_at": "2026-01-31T19:39:37.096Z", "updated_at": "2026-01-31T19:39:37.096Z"}}, {"model": "products.product", "pk": 236, "fields": {"category": 45, "name": "Brazil Nuts", "slug": "brazil-nuts-100g", "description": "Large, creamy Brazil nuts, the best source of Selenium.", "short_description": "", "price": "640.00", "compare_at_price": null, "stock": 191, "low_stock_threshold": 10, "sku": "SKU-brazil-nuts-100g", "weight": "100g", "calories": null, "protein": null, "carbs": null, "fat": null, "fiber": null, "is_active": true, "is_featured": false, "is_bestseller": false, "created_at": "2026-01-31T19:39:37.098Z", "updated_at": "2026-01-31T19:39:37.098Z"}}, {"model": "products.product", "pk": 237, "fields": {"category": 45, "name": "Brazil Nuts", "slug": "brazil-nuts-200g", "description": "Large, creamy Brazil nuts, the best source of Selenium.", "short_description": "", "price": "1280.00", "compare_at_price": null, "stock": 191, "low_stock_threshold": 10, "sku": "SKU-brazil-nuts-200g", "weight": "200g", "calories": null, "protein": null, "carbs": null, "fat": null, "fiber": null, "is_active": true, "is_featured": false, "is_bestseller": false, "created_at": "2026-01-31T19:39:37.100Z", "updated_at": "2026-01-31T19:39:37.100Z"}}, {"model": "products.product", "pk": 238, "fields": {"category": 45, "name": "Brazil Nuts", "slug": "brazil-nuts-300g", "description": "Large, creamy Brazil nuts, the best source of Selenium.", "short_description": "", "price": "1920.00", "compare_at_price": null, "stock": 191, "low_stock_threshold": 10, "sku": "SKU-brazil-nuts-300g", "weight": "300g", "calories": null, "protein": null, "carbs": null, "fat": null, "fiber": null, "is_active": true, "is_featured": false, "is_bestseller": false, "created_at": "2026-01-31T19:39:37.102Z", "updated_at": "2026-01-31T19:39:37.102Z"}}, {"model": "products.product", "pk": 239, "fields": {"category": 45, "name": "Brazil Nuts", "slug": "brazil-nuts-500g", "description": "Large, creamy Brazil nuts, the best source of Selenium.", "short_description": "", "price": "3200.00", "compare_at_price": null, "stock": 191, "low_stock_threshold": 10, "sku": "SKU-brazil-nuts-500g", "weight": "500g", "calories": null, "protein": null, "carbs": null, "fat": null, "fiber": null, "is_active": true, "is_featured": false, "is_bestseller": false, "created_at": "2026-01-31T19:39:37.104Z", "updated_at": "2026-01-31T19:39:37.104Z"}}, {"model": "products.product", "pk": 240, "fields": {"category": 45, "name": "Hazelnuts (Filberts)", "slug": "hazelnuts-filberts-50g", "description": "Crunchy raw hazelnuts, perfect for baking.", "short_description": "", "price": "220.00", "compare_at_price": null, "stock": 94, "low_stock_threshold": 10, "sku": "SKU-hazelnuts-filberts-50g", "weight": "50g", "calories": null, "protein": null, "carbs": null, "fat": null, "fiber": null, "is_active": true, "is_featured": false, "is_bestseller": false, "created_at": "2026-01-31T19:39:37.107Z", "updated_at": "2026-01-31T19:39:37.107Z"}}, {"model": "products.product", "pk": 241, "fields": {"category": 45, "name": "Hazelnuts (Filberts)", "slug": "hazelnuts-filberts-100g", "description": "Crunchy raw hazelnuts, perfect for baking.", "short_description": "", "price": "440.00", "compare_at_price": null, "stock": 94, "low_stock_threshold": 10, "sku": "SKU-hazelnuts-filberts-100g", "weight": "100g", "calories": null, "protein": null, "carbs": null, "fat": null, "fiber": null, "is_active": true, "is_featured": false, "is_bestseller": false, "created_at": "2026-01-31T19:39:37.110Z", "updated_at": "2026-01-31T19:39:37.110Z"}}, {"model": "products.product", "pk": 242, "fields": {"category": 45, "name": "Hazelnuts (Filberts)", "slug": "hazelnuts-filberts-200g", "description": "Crunchy raw hazelnuts, perfect for baking.", "short_description": "", "price": "880.00", "compare_at_price": null, "stock": 94, "low_stock_threshold": 10, "sku": "SKU-hazelnuts-filberts-200g", "weight": "200g", "calories": null, "protein": null, "carbs": null, "fat": null, "fiber": null, "is_active": true, "is_featured": false, "is_bestseller": false, "created_at": "2026-01-31T19:39:37.112Z", "updated_at": "2026-01-31T19:39:37.112Z"}}, {"model": "products.product", "pk": 243, "fields": {"category": 45, "name": "Hazelnuts (Filberts)", "slug": "hazelnuts-filberts-300g", "description": "Crunchy raw hazelnuts, perfect for baking.", "short_description": "", "price": "1320.00", "compare_at_price": null, "stock": 94, "low_stock_threshold": 10, "sku": "SKU-hazelnuts-filberts-300g", "weight": "300g", "calories": null, "protein": null, "carbs": null, "fat": null, "fiber": null, "is_active": true, "is_featured": false, "is_bestseller": false, "created_at": "2026-01-31T19:39:37.114Z", "updated_at": "2026-01-31T19:39:37.114Z"}}, {"model": "products.product", "pk": 244, "fields": {"category": 45, "name": "Hazelnuts (Filberts)", "slug": "hazelnuts-filberts-500g", "description": "Crunchy raw hazelnuts, perfect for baking.", "short_description": "", "price": "2200.00", "compare_at_price": null, "stock": 94, "low_stock_threshold": 10, "sku": "SKU-hazelnuts-filberts-500g", "weight": "500g", "calories": null, "protein": null, "carbs": null, "fat": null, "fiber": null, "is_active": true, "is_featured": false, "is_bestseller": false, "created_at": "2026-01-31T19:39:37.116Z", "updated_at": "2026-01-31T19:39:37.116Z"}}, {"model": "products.product", "pk": 245, "fields": {"category": 45, "name": "Macadamia Nuts", "slug": "macadamia-nuts-50g", "description": "The finest Macadamia nuts with a buttery flavor.", "short_description": "", "price": "560.00", "compare_at_price": null, "stock": 117, "low_stock_threshold": 10, "sku": "SKU-macadamia-nuts-50g", "weight": "50g", "calories": null, "protein": null, "carbs": null, "fat": null, "fiber": null, "is_active": true, "is_featured": false, "is_bestseller": false, "created_at": "2026-01-31T19:39:37.119Z", "updated_at": "2026-01-31T19:39:37.119Z"}}, {"model": "products.product", "pk": 246, "fields": {"category": 45, "name": "Macadamia Nuts", "slug": "macadamia-nuts-100g", "description": "The finest Macadamia nuts with a buttery flavor.", "short_description": "", "price": "1120.00", "compare_at_price": null, "stock": 117, "low_stock_threshold": 10, "sku": "SKU-macadamia-nuts-100g", "weight": "100g", "calories": null, "protein": null, "carbs": null, "fat": null, "fiber": null, "is_active": true, "is_featured": false, "is_bestseller": false, "created_at": "2026-01-31T19:39:37.121Z", "updated_at": "2026-01-31T19:39:37.121Z"}}, {"model": "products.product", "pk": 247, "fields": {"category": 45, "name": "Macadamia Nuts", "slug": "macadamia-nuts-200g", "description": "The finest Macadamia nuts with a buttery flavor.", "short_description": "", "price": "2240.00", "compare_at_price": null, "stock": 117, "low_stock_threshold": 10, "sku": "SKU-macadamia-nuts-200g", "weight": "200g", "calories": null, "protein": null, "carbs": null, "fat": null, "fiber": null, "is_active": true, "is_featured": false, "is_bestseller": false, "created_at": "2026-01-31T19:39:37.124Z", "updated_at": "2026-01-31T19:39:37.124Z"}}, {"model": "products.product", "pk": 248, "fields": {"category": 45, "name": "Macadamia Nuts", "slug": "macadamia-nuts-300g", "description": "The finest Macadamia nuts with a buttery flavor.", "short_description": "", "price": "3360.00", "compare_at_price": null, "stock": 117, "low_stock_threshold": 10, "sku": "SKU-macadamia-nuts-300g", "weight": "300g", "calories": null, "protein": null, "carbs": null, "fat": null, "fiber": null, "is_active": true, "is_featured": false, "is_bestseller": false, "created_at": "2026-01-31T19:39:37.126Z", "updated_at": "2026-01-31T19:39:37.126Z"}}, {"model": "products.product", "pk": 249, "fields": {"category": 45, "name": "Macadamia Nuts", "slug": "macadamia-nuts-500g", "description": "The finest Macadamia nuts with a buttery flavor.", "short_description": "", "price": "5600.00", "compare_at_price": null, "stock": 117, "low_stock_threshold": 10, "sku": "SKU-macadamia-nuts-500g", "weight": "500g", "calories": null, "protein": null, "carbs": null, "fat": null, "fiber": null, "is_active": true, "is_featured": false, "is_bestseller": false, "created_at": "2026-01-31T19:39:37.129Z", "updated_at": "2026-01-31T19:39:37.129Z"}}, {"model": "products.product", "pk": 250, "fields": {"category": 44, "name": "Pitted Prunes", "slug": "pitted-prunes-50g", "description": "Moist and sweet pitted prunes, high in antioxidants.", "short_description": "", "price": "130.00", "compare_at_price": null, "stock": 55, "low_stock_threshold": 10, "sku": "SKU-pitted-prunes-50g", "weight": "50g", "calories": null, "protein": null, "carbs": null, "fat": null, "fiber": null, "is_active": true, "is_featured": false, "is_bestseller": false, "created_at": "2026-01-31T19:39:37.132Z", "updated_at": "2026-01-31T19:39:37.132Z"}}, {"model": "products.product", "pk": 251, "fields": {"category": 44, "name": "Pitted Prunes", "slug": "pitted-prunes-100g", "description": "Moist and sweet pitted prunes, high in antioxidants.", "short_description": "", "price": "260.00", "compare_at_price": null, "stock": 55, "low_stock_threshold": 10, "sku": "SKU-pitted-prunes-100g", "weight": "100g", "calories": null, "protein": null, "carbs": null, "fat": null, "fiber": null, "is_active": true, "is_featured": false, "is_bestseller": false, "created_at": "2026-01-31T19:39:37.134Z", "updated_at": "2026-01-31T19:39:37.134Z"}}, {"model": "products.product", "pk": 252, "fields": {"category": 44, "name": "Pitted Prunes", "slug": "pitted-prunes-200g", "description": "Moist and sweet pitted prunes, high in antioxidants.", "short_description": "", "price": "520.00", "compare_at_price": null, "stock": 55, "low_stock_threshold": 10, "sku": "SKU-pitted-prunes-200g", "weight": "200g", "calories": null, "protein": null, "carbs": null, "fat": null, "fiber": null, "is_active": true, "is_featured": false, "is_bestseller": false, "created_at": "2026-01-31T19:39:37.136Z", "updated_at": "2026-01-31T19:39:37.136Z"}}, {"model": "products.product", "pk": 253, "fields": {"category": 44, "name": "Pitted Prunes", "slug": "pitted-prunes-300g", "description": "Moist and sweet pitted prunes, high in antioxidants.", "short_description": "", "price": "780.00", "compare_at_price": null, "stock": 55, "low_stock_threshold": 10, "sku": "SKU-pitted-prunes-300g", "weight": "300g", "calories": null, "protein": null, "carbs": null, "fat": null, "fiber": null, "is_active": true, "is_featured": false, "is_bestseller": false, "created_at": "2026-01-31T19:39:37.138Z", "updated_at": "2026-01-31T19:39:37.138Z"}}, {"model": "products.product", "pk": 254, "fields": {"category": 44, "name": "Pitted Prunes", "slug": "pitted-prunes-500g", "description": "Moist and sweet pitted prunes, high in antioxidants.", "short_description": "", "price": "1300.00", "compare_at_price": null, "stock": 55, "low_stock_threshold": 10, "sku": "SKU-pitted-prunes-500g", "weight": "500g", "calories": null, "protein": null, "carbs": null, "fat": null, "fiber": null, "is_active": true, "is_featured": false, "is_bestseller": false, "created_at": "2026-01-31T19:39:37.141Z", "updated_at": "2026-01-31T19:39:37.141Z"}}, {"model": "products.product", "pk": 255, "fields": {"category": 44, "name": "Turkish Apricots", "slug": "turkish-apricots-50g", "description": "Bright orange dried apricots, sweet and tart.", "short_description": "", "price": "140.00", "compare_at_price": null, "stock": 64, "low_stock_threshold": 10, "sku": "SKU-turkish-apricots-50g", "weight": "50g", "calories": null, "protein": null, "carbs": null, "fat": null, "fiber": null, "is_active": true, "is_featured": false, "is_bestseller": false, "created_at": "2026-01-31T19:39:37.144Z", "updated_at": "2026-01-31T19:39:37.144Z"}}, {"model": "products.product", "pk": 256, "fields": {"category": 44, "name": "Turkish Apricots", "slug": "turkish-apricots-100g", "description": "Bright orange dried apricots, sweet and tart.", "short_description": "", "price": "280.00", "compare_at_price": null, "stock": 64, "low_stock_threshold": 10, "sku": "SKU-turkish-apricots-100g", "weight": "100g", "calories": null, "protein": null, "carbs": null, "fat": null, "fiber": null, "is_active": true, "is_featured": false, "is_bestseller": false, "created_at": "2026-01-31T19:39:37.147Z", "updated_at": "2026-01-31T19:39:37.147Z"}}, {"model": "products.product", "pk": 257, "fields": {"category": 44, "name": "Turkish Apricots", "slug": "turkish-apricots-200g", "description": "Bright orange dried apricots, sweet and tart.", "short_description": "", "price": "560.00", "compare_at_price": null, "stock": 64, "low_stock_threshold": 10, "sku": "SKU-turkish-apricots-200g", "weight": "200g", "calories": null, "protein": null, "carbs": null, "fat": null, "fiber": null, "is_active": true, "is_featured": false, "is_bestseller": false, "created_at": "2026-01-31T19:39:37.149Z", "updated_at": "2026-01-31T19:39:37.149Z"}}, {"model": "products.product", "pk": 258, "fields": {"category": 44, "name": "Turkish Apricots", "slug": "turkish-apricots-300g", "description": "Bright orange dried apricots, sweet and tart.", "short_description": "", "price": "840.00", "compare_at_price": null, "stock": 64, "low_stock_threshold": 10, "sku": "SKU-turkish-apricots-300g", "weight": "300g", "calories": null, "protein": null, "carbs": null, "fat": null, "fiber": null, "is_active": true, "is_featured": false, "is_bestseller": false, "created_at": "2026-01-31T19:39:37.151Z", "updated_at": "2026-01-31T19:39:37.151Z"}}, {"model": "products.product", "pk": 259, "fields": {"category": 44, "name": "Turkish Apricots", "slug": "turkish-apricots-500g", "description": "Bright orange dried apricots, sweet and tart.", "short_description": "", "price": "1400.00", "compare_at_price": null, "stock": 64, "low_stock_threshold": 10, "sku": "SKU-turkish-apricots-500g", "weight": "500g", "calories": null, "protein": null, "carbs": null, "fat": null, "fiber": null, "is_active": true, "is_featured": false, "is_bestseller": false, "created_at": "2026-01-31T19:39:37.153Z", "updated_at": "2026-01-31T19:39:37.153Z"}}, {"model": "products.product", "pk": 260, "fields": {"category": 44, "name": "Medjool Dates (Khajoor)", "slug": "medjool-dates-khajoor-50g", "description": "Soft, caramel-like Medjool dates from Jordan.", "short_description": "", "price": "90.00", "compare_at_price": null, "stock": 129, "low_stock_threshold": 10, "sku": "SKU-medjool-dates-khajoor-50g", "weight": "50g", "calories": null, "protein": null, "carbs": null, "fat": null, "fiber": null, "is_active": true, "is_featured": false, "is_bestseller": false, "created_at": "2026-01-31T19:39:37.156Z", "updated_at": "2026-01-31T19:39:37.156Z"}}, {"model": "products.product", "pk": 261, "fields": {"category": 44, "name": "Medjool Dates (Khajoor)", "slug": "medjool-dates-khajoor-100g", "description": "Soft, caramel-like Medjool dates from Jordan.", "short_description": "", "price": "180.00", "compare_at_price": null, "stock": 129, "low_stock_threshold": 10, "sku": "SKU-medjool-dates-khajoor-100g", "weight": "100g", "calories": null, "protein": null, "carbs": null, "fat": null, "fiber": null, "is_active": true, "is_featured": false, "is_bestseller": false, "created_at": "2026-01-31T19:39:37.158Z", "updated_at": "2026-01-31T19:39:37.158Z"}}, {"model": "products.product", "pk": 262, "fields": {"category": 44, "name": "Medjool Dates (Khajoor)", "slug": "medjool-dates-khajoor-200g", "description": "Soft, caramel-like Medjool dates from Jordan.", "short_description": "", "price": "360.00", "compare_at_price": null, "stock": 129, "low_stock_threshold": 10, "sku": "SKU-medjool-dates-khajoor-200g", "weight": "200g", "calories": null, "protein": null, "carbs": null, "fat": null, "fiber": null, "is_active": true, "is_featured": false, "is_bestseller": false, "created_at": "2026-01-31T19:39:37.161Z", "updated_at": "2026-01-31T19:39:37.161Z"}}, {"model": "products.product", "pk": 263, "fields": {"category": 44, "name": "Medjool Dates (Khajoor)", "slug": "medjool-dates-khajoor-300g", "description": "Soft, caramel-like Medjool dates from Jordan.", "short_description": "", "price": "540.00", "compare_at_price": null, "stock": 129, "low_stock_threshold": 10, "sku": "SKU-medjool-dates-khajoor-300g", "weight": "300g", "calories": null, "protein": null, "carbs": null, "fat": null, "fiber": null, "is_active": true, "is_featured": false, "is_bestseller": false, "created_at": "2026-01-31T19:39:37.164Z", "updated_at": "2026-01-31T19:39:37.164Z"}}, {"model": "products.product", "pk": 264, "fields": {"category": 44, "name": "Anjeer (Figs) - Premium", "slug": "anjeer-figs-premium-50g", "description": "Large, juicy dried figs. Excellent for digestion.", "short_description": "", "price": "130.00", "compare_at_price": null, "stock": 187, "low_stock_threshold": 10, "sku": "SKU-anjeer-figs-premium-50g", "weight": "50g", "calories": null, "protein": null, "carbs": null, "fat": null, "fiber": null, "is_active": true, "is_featured": false, "is_bestseller": false, "created_at": "2026-01-31T19:39:37.167Z", "updated_at": "2026-01-31T19:39:37.167Z"}}, {"model": "products.product", "pk": 265, "fields": {"category": 44, "name": "Anjeer (Figs) - Premium", "slug": "anjeer-figs-premium-100g", "description": "Large, juicy dried figs. Excellent for digestion.", "short_description": "", "price": "260.00", "compare_at_price": null, "stock": 187, "low_stock_threshold": 10, "sku": "SKU-anjeer-figs-premium-100g", "weight": "100g", "calories": null, "protein": null, "carbs": null, "fat": null, "fiber": null, "is_active": true, "is_featured": false, "is_bestseller": false, "created_at": "2026-01-31T19:39:37.169Z", "updated_at": "2026-01-31T19:39:37.169Z"}}, {"model": "products.product", "pk": 266, "fields": {"category": 44, "name": "Anjeer (Figs) - Premium", "slug": "anjeer-figs-premium-200g", "description": "Large, juicy dried figs. Excellent for digestion.", "short_description": "", "price": "520.00", "compare_at_price": null, "stock": 187, "low_stock_threshold": 10, "sku": "SKU-anjeer-figs-premium-200g", "weight": "200g", "calories": null, "protein": null, "carbs": null, "fat": null, "fiber": null, "is_active": true, "is_featured": false, "is_bestseller": false, "created_at": "2026-01-31T19:39:37.171Z", "updated_at": "2026-01-31T19:39:37.171Z"}}, {"model": "products.product", "pk": 267, "fields": {"category": 44, "name": "Anjeer (Figs) - Premium", "slug": "anjeer-figs-premium-300g", "description": "Large, juicy dried figs. Excellent for digestion.", "short_description": "", "price": "780.00", "compare_at_price": null, "stock": 187, "low_stock_threshold": 10, "sku": "SKU-anjeer-figs-premium-300g", "weight": "300g", "calories": null, "protein": null, "carbs": null, "fat": null, "fiber": null, "is_active": true, "is_featured": false, "is_bestseller": false, "created_at": "2026-01-31T19:39:37.173Z", "updated_at": "2026-01-31T19:39:37.173Z"}}, {"model": "products.product", "pk": 268, "fields": {"category": 43, "name": "Golden Raisins (Kismis)", "slug": "golden-raisins-kismis-50g", "description": "Sweet and tangy golden raisins.", "short_description": "", "price": "45.00", "compare_at_price": null, "stock": 79, "low_stock_threshold": 10, "sku": "SKU-golden-raisins-kismis-50g", "weight": "50g", "calories": null, "protein": null, "carbs": null, "fat": null, "fiber": null, "is_active": true, "is_featured": false, "is_bestseller": false, "created_at": "2026-01-31T19:39:37.178Z", "updated_at": "2026-01-31T19:39:37.178Z"}}, {"model": "products.product", "pk": 269, "fields": {"category": 43, "name": "Golden Raisins (Kismis)", "slug": "golden-raisins-kismis-100g", "description": "Sweet and tangy golden raisins.", "short_description": "", "price": "90.00", "compare_at_price": null, "stock": 79, "low_stock_threshold": 10, "sku": "SKU-golden-raisins-kismis-100g", "weight": "100g", "calories": null, "protein": null, "carbs": null, "fat": null, "fiber": null, "is_active": true, "is_featured": false, "is_bestseller": false, "created_at": "2026-01-31T19:39:37.180Z", "updated_at": "2026-01-31T19:39:37.180Z"}}, {"model": "products.product", "pk": 270, "fields": {"category": 43, "name": "Golden Raisins (Kismis)", "slug": "golden-raisins-kismis-200g", "description": "Sweet and tangy golden raisins.", "short_description": "", "price": "180.00", "compare_at_price": null, "stock": 79, "low_stock_threshold": 10, "sku": "SKU-golden-raisins-kismis-200g", "weight": "200g", "calories": null, "protein": null, "carbs": null, "fat": null, "fiber": null, "is_active": true, "is_featured": false, "is_bestseller": false, "created_at": "2026-01-31T19:39:37.182Z", "updated_at": "2026-01-31T19:39:37.182Z"}}, {"model": "products.product", "pk": 271, "fields": {"category": 43, "name": "Golden Raisins (Kismis)", "slug": "golden-raisins-kismis-300g", "description": "Sweet and tangy golden raisins.", "short_description": "", "price": "270.00", "compare_at_price": null, "stock": 79, "low_stock_threshold": 10, "sku": "SKU-golden-raisins-kismis-300g", "weight": "300g", "calories": null, "protein": null, "carbs": null, "fat": null, "fiber": null, "is_active": true, "is_featured": false, "is_bestseller": false, "created_at": "2026-01-31T19:39:37.184Z", "updated_at": "2026-01-31T19:39:37.184Z"}}, {"model": "products.product", "pk": 272, "fields": {"category": 43, "name": "Walnut Kernels (Akhrot Giri)", "slug": "walnut-kernels-akhrot-giri-50g", "description": "Snow white walnut kernels, rich in Omega-3.", "short_description": "", "price": "110.00", "compare_at_price": null, "stock": 66, "low_stock_threshold": 10, "sku": "SKU-walnut-kernels-akhrot-giri-50g", "weight": "50g", "calories": null, "protein": null, "carbs": null, "fat": null, "fiber": null, "is_active": true, "is_featured": false, "is_bestseller": false, "created_at": "2026-01-31T19:39:37.187Z", "updated_at": "2026-01-31T19:39:37.187Z"}}, {"model": "products.product", "pk": 273, "fields": {"category": 43, "name": "Walnut Kernels (Akhrot Giri)", "slug": "walnut-kernels-akhrot-giri-100g", "description": "Snow white walnut kernels, rich in Omega-3.", "short_description": "", "price": "220.00", "compare_at_price": null, "stock": 66, "low_stock_threshold": 10, "sku": "SKU-walnut-kernels-akhrot-giri-100g", "weight": "100g", "calories": null, "protein": null, "carbs": null, "fat": null, "fiber": null, "is_active": true, "is_featured": false, "is_bestseller": false, "created_at": "2026-01-31T19:39:37.189Z", "updated_at": "2026-01-31T19:39:37.189Z"}}, {"model": "products.product", "pk": 274, "fields": {"category": 43, "name": "Walnut Kernels (Akhrot Giri)", "slug": "walnut-kernels-akhrot-giri-200g", "description": "Snow white walnut kernels, rich in Omega-3.", "short_description": "", "price": "440.00", "compare_at_price": null, "stock": 66, "low_stock_threshold": 10, "sku": "SKU-walnut-kernels-akhrot-giri-200g", "weight": "200g", "calories": null, "protein": null, "carbs": null, "fat": null, "fiber": null, "is_active": true, "is_featured": false, "is_bestseller": false, "created_at": "2026-01-31T19:39:37.192Z", "updated_at": "2026-01-31T19:39:37.192Z"}}, {"model": "products.product", "pk": 275, "fields": {"category": 43, "name": "Walnut Kernels (Akhrot Giri)", "slug": "walnut-kernels-akhrot-giri-300g", "description": "Snow white walnut kernels, rich in Omega-3.", "short_description": "", "price": "660.00", "compare_at_price": null, "stock": 66, "low_stock_threshold": 10, "sku": "SKU-walnut-kernels-akhrot-giri-300g", "weight": "300g", "calories": null, "protein": null, "carbs": null, "fat": null, "fiber": null, "is_active": true, "is_featured": false, "is_bestseller": false, "created_at": "2026-01-31T19:39:37.194Z", "updated_at": "2026-01-31T19:39:37.194Z"}}, {"model": "products.product", "pk": 276, "fields": {"category": 43, "name": "Salted Pistachios (Pista) - Roasted", "slug": "salted-pistachios-pista-roasted-50g", "description": "Roasted and lightly salted pistachios in shell.", "short_description": "", "price": "140.00", "compare_at_price": null, "stock": 97, "low_stock_threshold": 10, "sku": "SKU-salted-pistachios-pista-roasted-50g", "weight": "50g", "calories": null, "protein": null, "carbs": null, "fat": null, "fiber": null, "is_active": true, "is_featured": false, "is_bestseller": false, "created_at": "2026-01-31T19:39:37.198Z", "updated_at": "2026-01-31T19:39:37.198Z"}}, {"model": "products.product", "pk": 277, "fields": {"category": 43, "name": "Salted Pistachios (Pista) - Roasted", "slug": "salted-pistachios-pista-roasted-100g", "description": "Roasted and lightly salted pistachios in shell.", "short_description": "", "price": "280.00", "compare_at_price": null, "stock": 97, "low_stock_threshold": 10, "sku": "SKU-salted-pistachios-pista-roasted-100g", "weight": "100g", "calories": null, "protein": null, "carbs": null, "fat": null, "fiber": null, "is_active": true, "is_featured": false, "is_bestseller": false, "created_at": "2026-01-31T19:39:37.200Z", "updated_at": "2026-01-31T19:39:37.200Z"}}, {"model": "products.product", "pk": 278, "fields": {"category": 43, "name": "Salted Pistachios (Pista) - Roasted", "slug": "salted-pistachios-pista-roasted-200g", "description": "Roasted and lightly salted pistachios in shell.", "short_description": "", "price": "560.00", "compare_at_price": null, "stock": 97, "low_stock_threshold": 10, "sku": "SKU-salted-pistachios-pista-roasted-200g", "weight": "200g", "calories": null, "protein": null, "carbs": null, "fat": null, "fiber": null, "is_active": true, "is_featured": false, "is_bestseller": false, "created_at": "2026-01-31T19:39:37.202Z", "updated_at": "2026-01-31T19:39:37.202Z"}}, {"model": "products.product", "pk": 279, "fields": {"category": 43, "name": "Salted Pistachios (Pista) - Roasted", "slug": "salted-pistachios-pista-roasted-300g", "description": "Roasted and lightly salted pistachios in shell.", "short_description": "", "price": "840.00", "compare_at_price": null, "stock": 97, "low_stock_threshold": 10, "sku": "SKU-salted-pistachios-pista-roasted-300g", "weight": "300g", "calories": null, "protein": null, "carbs": null, "fat": null, "fiber": null, "is_active": true, "is_featured": false, "is_bestseller": false, "created_at": "2026-01-31T19:39:37.204Z", "updated_at": "2026-01-31T19:39:37.204Z"}}, {"model": "products.product", "pk": 280, "fields": {"category": 43, "name": "Cashews (Kaju) - W320 Standard", "slug": "cashews-kaju-w320-standard-50g", "description": "Standard W320 grade cashews, ideal for cooking and daily use.", "short_description": "", "price": "85.00", "compare_at_price": null, "stock": 61, "low_stock_threshold": 10, "sku": "SKU-cashews-kaju-w320-standard-50g", "weight": "50g", "calories": null, "protein": null, "carbs": null, "fat": null, "fiber": null, "is_active": true, "is_featured": false, "is_bestseller": false, "created_at": "2026-01-31T19:39:37.207Z", "updated_at": "2026-01-31T19:39:37.207Z"}}, {"model": "products.product", "pk": 281, "fields": {"category": 43, "name": "Cashews (Kaju) - W320 Standard", "slug": "cashews-kaju-w320-standard-100g", "description": "Standard W320 grade cashews, ideal for cooking and daily use.", "short_description": "", "price": "170.00", "compare_at_price": null, "stock": 61, "low_stock_threshold": 10, "sku": "SKU-cashews-kaju-w320-standard-100g", "weight": "100g", "calories": null, "protein": null, "carbs": null, "fat": null, "fiber": null, "is_active": true, "is_featured": false, "is_bestseller": false, "created_at": "2026-01-31T19:39:37.210Z", "updated_at": "2026-01-31T19:39:37.210Z"}}, {"model": "products.product", "pk": 282, "fields": {"category": 43, "name": "Cashews (Kaju) - W320 Standard", "slug": "cashews-kaju-w320-standard-200g", "description": "Standard W320 grade cashews, ideal for cooking and daily use.", "short_description": "", "price": "340.00", "compare_at_price": null, "stock": 61, "low_stock_threshold": 10, "sku": "SKU-cashews-kaju-w320-standard-200g", "weight": "200g", "calories": null, "protein": null, "carbs": null, "fat": null, "fiber": null, "is_active": true, "is_featured": false, "is_bestseller": false, "created_at": "2026-01-31T19:39:37.212Z", "updated_at": "2026-01-31T19:39:37.212Z"}}, {"model": "products.product", "pk": 283, "fields": {"category": 43, "name": "Cashews (Kaju) - W320 Standard", "slug": "cashews-kaju-w320-standard-300g", "description": "Standard W320 grade cashews, ideal for cooking and daily use.", "short_description": "", "price": "510.00", "compare_at_price": null, "stock": 61, "low_stock_threshold": 10, "sku": "SKU-cashews-kaju-w320-standard-300g", "weight": "300g", "calories": null, "protein": null, "carbs": null, "fat": null, "fiber": null, "is_active": true, "is_featured": false, "is_bestseller": false, "created_at": "2026-01-31T19:39:37.214Z", "updated_at": "2026-01-31T19:39:37.214Z"}}, {"model": "products.product", "pk": 284, "fields": {"category": 43, "name": "Cashews (Kaju) - W180 Jumbo", "slug": "cashews-kaju-w180-jumbo-50g", "description": "King size W180 cashews. Creamy, sweet, and crunchy.", "short_description": "", "price": "120.00", "compare_at_price": null, "stock": 96, "low_stock_threshold": 10, "sku": "SKU-cashews-kaju-w180-jumbo-50g", "weight": "50g", "calories": null, "protein": null, "carbs": null, "fat": null, "fiber": null, "is_active": true, "is_featured": false, "is_bestseller": false, "created_at": "2026-01-31T19:39:37.218Z", "updated_at": "2026-01-31T19:39:37.218Z"}}, {"model": "products.product", "pk": 285, "fields": {"category": 43, "name": "Cashews (Kaju) - W180 Jumbo", "slug": "cashews-kaju-w180-jumbo-100g", "description": "King size W180 cashews. Creamy, sweet, and crunchy.", "short_description": "", "price": "240.00", "compare_at_price": null, "stock": 96, "low_stock_threshold": 10, "sku": "SKU-cashews-kaju-w180-jumbo-100g", "weight": "100g", "calories": null, "protein": null, "carbs": null, "fat": null, "fiber": null, "is_active": true, "is_featured": false, "is_bestseller": false, "created_at": "2026-01-31T19:39:37.220Z", "updated_at": "2026-01-31T19:39:37.220Z"}}, {"model": "products.product", "pk": 286, "fields": {"category": 43, "name": "Cashews (Kaju) - W180 Jumbo", "slug": "cashews-kaju-w180-jumbo-200g", "description": "King size W180 cashews. Creamy, sweet, and crunchy.", "short_description": "", "price": "480.00", "compare_at_price": null, "stock": 96, "low_stock_threshold": 10, "sku": "SKU-cashews-kaju-w180-jumbo-200g", "weight": "200g", "calories": null, "protein": null, "carbs": null, "fat": null, "fiber": null, "is_active": true, "is_featured": false, "is_bestseller": false, "created_at": "2026-01-31T19:39:37.222Z", "updated_at": "2026-01-31T19:39:37.222Z"}}, {"model": "products.product", "pk": 287, "fields": {"category": 43, "name": "Cashews (Kaju) - W180 Jumbo", "slug": "cashews-kaju-w180-jumbo-300g", "description": "King size W180 cashews. Creamy, sweet, and crunchy.", "short_description": "", "price": "720.00", "compare_at_price": null, "stock": 96, "low_stock_threshold": 10, "sku": "SKU-cashews-kaju-w180-jumbo-300g", "weight": "300g", "calories": null, "protein": null, "carbs": null, "fat": null, "fiber": null, "is_active": true, "is_featured": false, "is_bestseller": false, "created_at": "2026-01-31T19:39:37.225Z", "updated_at": "2026-01-31T19:39:37.225Z"}}, {"model": "products.product", "pk": 288, "fields": {"category": 43, "name": "Mamra Almonds - Royal Reserve", "slug": "mamra-almonds-royal-reserve-50g", "description": "Exclusive Mamra almonds with high oil content and superior crunch.", "short_description": "", "price": "220.00", "compare_at_price": null, "stock": 78, "low_stock_threshold": 10, "sku": "SKU-mamra-almonds-royal-reserve-50g", "weight": "50g", "calories": null, "protein": null, "carbs": null, "fat": null, "fiber": null, "is_active": true, "is_featured": false, "is_bestseller": false, "created_at": "2026-01-31T19:39:37.229Z", "updated_at": "2026-01-31T19:39:37.229Z"}}, {"model": "products.product", "pk": 289, "fields": {"category": 43, "name": "Mamra Almonds - Royal Reserve", "slug": "mamra-almonds-royal-reserve-100g", "description": "Exclusive Mamra almonds with high oil content and superior crunch.", "short_description": "", "price": "440.00", "compare_at_price": null, "stock": 78, "low_stock_threshold": 10, "sku": "SKU-mamra-almonds-royal-reserve-100g", "weight": "100g", "calories": null, "protein": null, "carbs": null, "fat": null, "fiber": null, "is_active": true, "is_featured": false, "is_bestseller": false, "created_at": "2026-01-31T19:39:37.231Z", "updated_at": "2026-01-31T19:39:37.231Z"}}, {"model": "products.product", "pk": 290, "fields": {"category": 43, "name": "Mamra Almonds - Royal Reserve", "slug": "mamra-almonds-royal-reserve-200g", "description": "Exclusive Mamra almonds with high oil content and superior crunch.", "short_description": "", "price": "880.00", "compare_at_price": null, "stock": 78, "low_stock_threshold": 10, "sku": "SKU-mamra-almonds-royal-reserve-200g", "weight": "200g", "calories": null, "protein": null, "carbs": null, "fat": null, "fiber": null, "is_active": true, "is_featured": false, "is_bestseller": false, "created_at": "2026-01-31T19:39:37.233Z", "updated_at": "2026-01-31T19:39:37.233Z"}}, {"model": "products.product", "pk": 291, "fields": {"category": 43, "name": "Mamra Almonds - Royal Reserve", "slug": "mamra-almonds-royal-reserve-300g", "description": "Exclusive Mamra almonds with high oil content and superior crunch.", "short_description": "", "price": "1320.00", "compare_at_price": null, "stock": 78, "low_stock_threshold": 10, "sku": "SKU-mamra-almonds-royal-reserve-300g", "weight": "300g", "calories": null, "protein": null, "carbs": null, "fat": null, "fiber": null, "is_active": true, "is_featured": false, "is_bestseller": false, "created_at": "2026-01-31T19:39:37.235Z", "updated_at": "2026-01-31T19:39:37.235Z"}}, {"model": "products.product", "pk": 292, "fields": {"category": 43, "name": "California Almonds (Badam) - Premium", "slug": "california-almonds-badam-premium-50g", "description": "Premium California almonds, perfect for snacking and soaking. Rich in Vitamin E.", "short_description": "", "price": "212.00", "compare_at_price": null, "stock": 86, "low_stock_threshold": 10, "sku": "SKU-california-almonds-badam-premium-50g", "weight": "50g", "calories": null, "protein": null, "carbs": null, "fat": null, "fiber": null, "is_active": true, "is_featured": false, "is_bestseller": false, "created_at": "2026-01-31T19:39:37.238Z", "updated_at": "2026-01-31T19:39:37.238Z"}}, {"model": "products.product", "pk": 293, "fields": {"category": 43, "name": "California Almonds (Badam) - Premium", "slug": "california-almonds-badam-premium-100g", "description": "Premium California almonds, perfect for snacking and soaking. Rich in Vitamin E.", "short_description": "", "price": "425.00", "compare_at_price": null, "stock": 86, "low_stock_threshold": 10, "sku": "SKU-california-almonds-badam-premium-100g", "weight": "100g", "calories": null, "protein": null, "carbs": null, "fat": null, "fiber": null, "is_active": true, "is_featured": false, "is_bestseller": false, "created_at": "2026-01-31T19:39:37.240Z", "updated_at": "2026-01-31T19:39:37.240Z"}}, {"model": "products.product", "pk": 294, "fields": {"category": 43, "name": "California Almonds (Badam) - Premium", "slug": "california-almonds-badam-premium-200g", "description": "Premium California almonds, perfect for snacking and soaking. Rich in Vitamin E.", "short_description": "", "price": "850.00", "compare_at_price": null, "stock": 86, "low_stock_threshold": 10, "sku": "SKU-california-almonds-badam-premium-200g", "weight": "200g", "calories": null, "protein": null, "carbs": null, "fat": null, "fiber": null, "is_active": true, "is_featured": false, "is_bestseller": false, "created_at": "2026-01-31T19:39:37.243Z", "updated_at": "2026-01-31T19:39:37.243Z"}}, {"model": "products.product", "pk": 295, "fields": {"category": 43, "name": "California Almonds (Badam) - Premium", "slug": "california-almonds-badam-premium-300g", "description": "Premium California almonds, perfect for snacking and soaking. Rich in Vitamin E.", "short_description": "", "price": "1275.00", "compare_at_price": null, "stock": 86, "low_stock_threshold": 10, "sku": "SKU-california-almonds-badam-premium-300g", "weight": "300g", "calories": null, "protein": null, "carbs": null, "fat": null, "fiber": null, "is_active": true, "is_featured": false, "is_bestseller": false, "created_at": "2026-01-31T19:39:37.245Z", "updated_at": "2026-01-31T19:39:37.245Z"}}, {"model": "products.product", "pk": 296, "fields": {"category": 43, "name": "California Almonds (Badam) - Premium", "slug": "california-almonds-badam-premium-500g", "description": "Premium California almonds, perfect for snacking and soaking. Rich in Vitamin E.", "short_description": "", "price": "2125.00", "compare_at_price": null, "stock": 86, "low_stock_threshold": 10, "sku": "SKU-california-almonds-badam-premium-500g", "weight": "500g", "calories": null, "protein": null, "carbs": null, "fat": null, "fiber": null, "is_active": true, "is_featured": false, "is_bestseller": false, "created_at": "2026-01-31T19:39:37.247Z", "updated_at": "2026-01-31T19:39:37.247Z"}}, {"model": "products.productimage", "pk": 157, "fields": {"product": 158, "image": "products/cat-dried.png", "alt_text": "Pitted Prunes", "is_primary": true, "display_order": 0, "created_at": "2026-01-31T14:18:33.711Z"}}, {"model": "products.productimage", "pk": 158, "fields": {"product": 159, "image": "products/cat-exotic.png", "alt_text": "Macadamia Nuts", "is_primary": true, "display_order": 0, "created_at": "2026-01-31T14:18:33.713Z"}}, {"model": "products.productimage", "pk": 159, "fields": {"product": 160, "image": "products/cat-exotic.png", "alt_text": "Hazelnuts (Filberts)", "is_primary": true, "display_order": 0, "created_at": "2026-01-31T14:18:33.715Z"}}, {"model": "products.productimage", "pk": 160, "fields": {"product": 161, "image": "products/cat-exotic.png", "alt_text": "Brazil Nuts", "is_primary": true, "display_order": 0, "created_at": "2026-01-31T14:18:33.718Z"}}, {"model": "products.productimage", "pk": 161, "fields": {"product": 162, "image": "products/cat-exotic.png", "alt_text": "Pecan Nuts", "is_primary": true, "display_order": 0, "created_at": "2026-01-31T14:18:33.721Z"}}, {"model": "products.productimage", "pk": 162, "fields": {"product": 163, "image": "products/cat-exotic.png", "alt_text": "Pine Nuts (Chilgoza)", "is_primary": true, "display_order": 0, "created_at": "2026-01-31T14:18:33.724Z"}}, {"model": "products.productimage", "pk": 163, "fields": {"product": 164, "image": "products/cat-berries.png", "alt_text": "Cranberries (Dried)", "is_primary": true, "display_order": 0, "created_at": "2026-01-31T14:18:33.726Z"}}, {"model": "products.productimage", "pk": 164, "fields": {"product": 165, "image": "products/cat-berries.png", "alt_text": "Dried Blueberries", "is_primary": true, "display_order": 0, "created_at": "2026-01-31T14:18:33.727Z"}}, {"model": "products.productimage", "pk": 165, "fields": {"product": 166, "image": "products/cat-berries.png", "alt_text": "Dehydrated Mango", "is_primary": true, "display_order": 0, "created_at": "2026-01-31T14:18:33.730Z"}}, {"model": "products.productimage", "pk": 166, "fields": {"product": 167, "image": "products/cat-berries.png", "alt_text": "Dried Kiwi Slices", "is_primary": true, "display_order": 0, "created_at": "2026-01-31T14:18:33.732Z"}}, {"model": "products.productimage", "pk": 167, "fields": {"product": 168, "image": "products/cat-seeds.png", "alt_text": "Pumpkin Seeds", "is_primary": true, "display_order": 0, "created_at": "2026-01-31T14:18:33.734Z"}}, {"model": "products.productimage", "pk": 168, "fields": {"product": 169, "image": "products/cat-seeds.png", "alt_text": "Chia Seeds", "is_primary": true, "display_order": 0, "created_at": "2026-01-31T14:18:33.736Z"}}, {"model": "products.productimage", "pk": 169, "fields": {"product": 170, "image": "products/cat-seeds.png", "alt_text": "Sunflower Seeds", "is_primary": true, "display_order": 0, "created_at": "2026-01-31T14:18:33.739Z"}}, {"model": "products.productimage", "pk": 170, "fields": {"product": 171, "image": "products/cat-seeds.png", "alt_text": "7-Seeds Super Mix", "is_primary": true, "display_order": 0, "created_at": "2026-01-31T14:18:33.741Z"}}, {"model": "products.productimage", "pk": 171, "fields": {"product": 172, "image": "products/cat-value.png", "alt_text": "Luxury Gift Hamper", "is_primary": true, "display_order": 0, "created_at": "2026-01-31T14:18:33.742Z"}}, {"model": "products.productimage", "pk": 172, "fields": {"product": 173, "image": "products/cat-value.png", "alt_text": "Chocolate Coated Almonds", "is_primary": true, "display_order": 0, "created_at": "2026-01-31T14:18:33.744Z"}}, {"model": "products.productimage", "pk": 173, "fields": {"product": 174, "image": "products/cat-value.png", "alt_text": "Peri Peri Cashews", "is_primary": true, "display_order": 0, "created_at": "2026-01-31T14:18:33.746Z"}}, {"model": "products.productimage", "pk": 174, "fields": {"product": 148, "image": "products/california-almonds.png", "alt_text": "California Almonds (Badam) - Premium", "is_primary": true, "display_order": 0, "created_at": "2026-01-31T15:47:11.213Z"}}, {"model": "products.productimage", "pk": 175, "fields": {"product": 149, "image": "products/mamra-almonds.png", "alt_text": "Mamra Almonds - Royal Reserve", "is_primary": true, "display_order": 0, "created_at": "2026-01-31T15:47:11.214Z"}}, {"model": "products.productimage", "pk": 176, "fields": {"product": 150, "image": "products/cashews-w180.png", "alt_text": "Cashews (Kaju) - W180 Jumbo", "is_primary": true, "display_order": 0, "created_at": "2026-01-31T15:47:11.216Z"}}, {"model": "products.productimage", "pk": 177, "fields": {"product": 151, "image": "products/cashews-w320.png", "alt_text": "Cashews (Kaju) - W320 Standard", "is_primary": true, "display_order": 0, "created_at": "2026-01-31T15:47:11.217Z"}}, {"model": "products.productimage", "pk": 178, "fields": {"product": 152, "image": "products/pistachios.png", "alt_text": "Salted Pistachios (Pista) - Roasted", "is_primary": true, "display_order": 0, "created_at": "2026-01-31T15:47:11.219Z"}}, {"model": "products.productimage", "pk": 179, "fields": {"product": 153, "image": "products/walnuts.png", "alt_text": "Walnut Kernels (Akhrot Giri)", "is_primary": true, "display_order": 0, "created_at": "2026-01-31T15:47:11.220Z"}}, {"model": "products.productimage", "pk": 180, "fields": {"product": 154, "image": "products/raisins.png", "alt_text": "Golden Raisins (Kismis)", "is_primary": true, "display_order": 0, "created_at": "2026-01-31T15:47:11.223Z"}}, {"model": "products.productimage", "pk": 181, "fields": {"product": 155, "image": "products/figs.png", "alt_text": "Anjeer (Figs) - Premium", "is_primary": true, "display_order": 0, "created_at": "2026-01-31T15:47:11.224Z"}}, {"model": "products.productimage", "pk": 182, "fields": {"product": 156, "image": "products/dates.png", "alt_text": "Medjool Dates (Khajoor)", "is_primary": true, "display_order": 0, "created_at": "2026-01-31T15:47:11.226Z"}}, {"model": "products.productimage", "pk": 183, "fields": {"product": 157, "image": "products/apricots.png", "alt_text": "Turkish Apricots", "is_primary": true, "display_order": 0, "created_at": "2026-01-31T15:47:11.227Z"}}, {"model": "products.productimage", "pk": 184, "fields": {"product": 175, "image": "products/cat-value.png", "alt_text": "Peri Peri Cashews", "is_primary": true, "display_order": 0, "created_at": "2026-01-31T19:39:36.939Z"}}, {"model": "products.productimage", "pk": 185, "fields": {"product": 176, "image": "products/cat-value.png", "alt_text": "Peri Peri Cashews", "is_primary": true, "display_order": 0, "created_at": "2026-01-31T19:39:36.941Z"}}, {"model": "products.productimage", "pk": 186, "fields": {"product": 177, "image": "products/cat-value.png", "alt_text": "Peri Peri Cashews", "is_primary": true, "display_order": 0, "created_at": "2026-01-31T19:39:36.944Z"}}, {"model": "products.productimage", "pk": 187, "fields": {"product": 178, "image": "products/cat-value.png", "alt_text": "Peri Peri Cashews", "is_primary": true, "display_order": 0, "created_at": "2026-01-31T19:39:36.948Z"}}, {"model": "products.productimage", "pk": 188, "fields": {"product": 179, "image": "products/cat-value.png", "alt_text": "Chocolate Coated Almonds", "is_primary": true, "display_order": 0, "created_at": "2026-01-31T19:39:36.951Z"}}, {"model": "products.productimage", "pk": 189, "fields": {"product": 180, "image": "products/cat-value.png", "alt_text": "Chocolate Coated Almonds", "is_primary": true, "display_order": 0, "created_at": "2026-01-31T19:39:36.953Z"}}, {"model": "products.productimage", "pk": 190, "fields": {"product": 181, "image": "products/cat-value.png", "alt_text": "Chocolate Coated Almonds", "is_primary": true, "display_order": 0, "created_at": "2026-01-31T19:39:36.956Z"}}, {"model": "products.productimage", "pk": 191, "fields": {"product": 182, "image": "products/cat-value.png", "alt_text": "Chocolate Coated Almonds", "is_primary": true, "display_order": 0, "created_at": "2026-01-31T19:39:36.958Z"}}, {"model": "products.productimage", "pk": 192, "fields": {"product": 183, "image": "products/cat-value.png", "alt_text": "Luxury Gift Hamper", "is_primary": true, "display_order": 0, "created_at": "2026-01-31T19:39:36.963Z"}}, {"model": "products.productimage", "pk": 193, "fields": {"product": 184, "image": "products/cat-value.png", "alt_text": "Luxury Gift Hamper", "is_primary": true, "display_order": 0, "created_at": "2026-01-31T19:39:36.965Z"}}, {"model": "products.productimage", "pk": 194, "fields": {"product": 185, "image": "products/cat-value.png", "alt_text": "Luxury Gift Hamper", "is_primary": true, "display_order": 0, "created_at": "2026-01-31T19:39:36.967Z"}}, {"model": "products.productimage", "pk": 195, "fields": {"product": 186, "image": "products/cat-value.png", "alt_text": "Luxury Gift Hamper", "is_primary": true, "display_order": 0, "created_at": "2026-01-31T19:39:36.969Z"}}, {"model": "products.productimage", "pk": 196, "fields": {"product": 187, "image": "products/cat-value.png", "alt_text": "Luxury Gift Hamper", "is_primary": true, "display_order": 0, "created_at": "2026-01-31T19:39:36.971Z"}}, {"model": "products.productimage", "pk": 197, "fields": {"product": 188, "image": "products/cat-seeds.png", "alt_text": "7-Seeds Super Mix", "is_primary": true, "display_order": 0, "created_at": "2026-01-31T19:39:36.976Z"}}, {"model": "products.productimage", "pk": 198, "fields": {"product": 189, "image": "products/cat-seeds.png", "alt_text": "7-Seeds Super Mix", "is_primary": true, "display_order": 0, "created_at": "2026-01-31T19:39:36.980Z"}}, {"model": "products.productimage", "pk": 199, "fields": {"product": 190, "image": "products/cat-seeds.png", "alt_text": "7-Seeds Super Mix", "is_primary": true, "display_order": 0, "created_at": "2026-01-31T19:39:36.982Z"}}, {"model": "products.productimage", "pk": 200, "fields": {"product": 191, "image": "products/cat-seeds.png", "alt_text": "7-Seeds Super Mix", "is_primary": true, "display_order": 0, "created_at": "2026-01-31T19:39:36.984Z"}}, {"model": "products.productimage", "pk": 201, "fields": {"product": 192, "image": "products/cat-seeds.png", "alt_text": "7-Seeds Super Mix", "is_primary": true, "display_order": 0, "created_at": "2026-01-31T19:39:36.986Z"}}, {"model": "products.productimage", "pk": 202, "fields": {"product": 193, "image": "products/cat-seeds.png", "alt_text": "Sunflower Seeds", "is_primary": true, "display_order": 0, "created_at": "2026-01-31T19:39:36.989Z"}}, {"model": "products.productimage", "pk": 203, "fields": {"product": 194, "image": "products/cat-seeds.png", "alt_text": "Sunflower Seeds", "is_primary": true, "display_order": 0, "created_at": "2026-01-31T19:39:36.991Z"}}, {"model": "products.productimage", "pk": 204, "fields": {"product": 195, "image": "products/cat-seeds.png", "alt_text": "Sunflower Seeds", "is_primary": true, "display_order": 0, "created_at": "2026-01-31T19:39:36.994Z"}}, {"model": "products.productimage", "pk": 205, "fields": {"product": 196, "image": "products/cat-seeds.png", "alt_text": "Sunflower Seeds", "is_primary": true, "display_order": 0, "created_at": "2026-01-31T19:39:36.997Z"}}, {"model": "products.productimage", "pk": 206, "fields": {"product": 197, "image": "products/cat-seeds.png", "alt_text": "Sunflower Seeds", "is_primary": true, "display_order": 0, "created_at": "2026-01-31T19:39:36.999Z"}}, {"model": "products.productimage", "pk": 207, "fields": {"product": 198, "image": "products/cat-seeds.png", "alt_text": "Chia Seeds", "is_primary": true, "display_order": 0, "created_at": "2026-01-31T19:39:37.002Z"}}, {"model": "products.productimage", "pk": 208, "fields": {"product": 199, "image": "products/cat-seeds.png", "alt_text": "Chia Seeds", "is_primary": true, "display_order": 0, "created_at": "2026-01-31T19:39:37.004Z"}}, {"model": "products.productimage", "pk": 209, "fields": {"product": 200, "image": "products/cat-seeds.png", "alt_text": "Chia Seeds", "is_primary": true, "display_order": 0, "created_at": "2026-01-31T19:39:37.006Z"}}, {"model": "products.productimage", "pk": 210, "fields": {"product": 201, "image": "products/cat-seeds.png", "alt_text": "Chia Seeds", "is_primary": true, "display_order": 0, "created_at": "2026-01-31T19:39:37.008Z"}}, {"model": "products.productimage", "pk": 211, "fields": {"product": 202, "image": "products/cat-seeds.png", "alt_text": "Chia Seeds", "is_primary": true, "display_order": 0, "created_at": "2026-01-31T19:39:37.010Z"}}, {"model": "products.productimage", "pk": 212, "fields": {"product": 203, "image": "products/cat-seeds.png", "alt_text": "Pumpkin Seeds", "is_primary": true, "display_order": 0, "created_at": "2026-01-31T19:39:37.013Z"}}, {"model": "products.productimage", "pk": 213, "fields": {"product": 204, "image": "products/cat-seeds.png", "alt_text": "Pumpkin Seeds", "is_primary": true, "display_order": 0, "created_at": "2026-01-31T19:39:37.015Z"}}, {"model": "products.productimage", "pk": 214, "fields": {"product": 205, "image": "products/cat-seeds.png", "alt_text": "Pumpkin Seeds", "is_primary": true, "display_order": 0, "created_at": "2026-01-31T19:39:37.017Z"}}, {"model": "products.productimage", "pk": 215, "fields": {"product": 206, "image": "products/cat-seeds.png", "alt_text": "Pumpkin Seeds", "is_primary": true, "display_order": 0, "created_at": "2026-01-31T19:39:37.019Z"}}, {"model": "products.productimage", "pk": 216, "fields": {"product": 207, "image": "products/cat-seeds.png", "alt_text": "Pumpkin Seeds", "is_primary": true, "display_order": 0, "created_at": "2026-01-31T19:39:37.021Z"}}, {"model": "products.productimage", "pk": 217, "fields": {"product": 208, "image": "products/cat-berries.png", "alt_text": "Dried Kiwi Slices", "is_primary": true, "display_order": 0, "created_at": "2026-01-31T19:39:37.026Z"}}, {"model": "products.productimage", "pk": 218, "fields": {"product": 209, "image": "products/cat-berries.png", "alt_text": "Dried Kiwi Slices", "is_primary": true, "display_order": 0, "created_at": "2026-01-31T19:39:37.029Z"}}, {"model": "products.productimage", "pk": 219, "fields": {"product": 210, "image": "products/cat-berries.png", "alt_text": "Dried Kiwi Slices", "is_primary": true, "display_order": 0, "created_at": "2026-01-31T19:39:37.031Z"}}, {"model": "products.productimage", "pk": 220, "fields": {"product": 211, "image": "products/cat-berries.png", "alt_text": "Dried Kiwi Slices", "is_primary": true, "display_order": 0, "created_at": "2026-01-31T19:39:37.034Z"}}, {"model": "products.productimage", "pk": 221, "fields": {"product": 212, "image": "products/cat-berries.png", "alt_text": "Dehydrated Mango", "is_primary": true, "display_order": 0, "created_at": "2026-01-31T19:39:37.038Z"}}, {"model": "products.productimage", "pk": 222, "fields": {"product": 213, "image": "products/cat-berries.png", "alt_text": "Dehydrated Mango", "is_primary": true, "display_order": 0, "created_at": "2026-01-31T19:39:37.041Z"}}, {"model": "products.productimage", "pk": 223, "fields": {"product": 214, "image": "products/cat-berries.png", "alt_text": "Dehydrated Mango", "is_primary": true, "display_order": 0, "created_at": "2026-01-31T19:39:37.043Z"}}, {"model": "products.productimage", "pk": 224, "fields": {"product": 215, "image": "products/cat-berries.png", "alt_text": "Dehydrated Mango", "is_primary": true, "display_order": 0, "created_at": "2026-01-31T19:39:37.045Z"}}, {"model": "products.productimage", "pk": 225, "fields": {"product": 216, "image": "products/cat-berries.png", "alt_text": "Dried Blueberries", "is_primary": true, "display_order": 0, "created_at": "2026-01-31T19:39:37.049Z"}}, {"model": "products.productimage", "pk": 226, "fields": {"product": 217, "image": "products/cat-berries.png", "alt_text": "Dried Blueberries", "is_primary": true, "display_order": 0, "created_at": "2026-01-31T19:39:37.051Z"}}, {"model": "products.productimage", "pk": 227, "fields": {"product": 218, "image": "products/cat-berries.png", "alt_text": "Dried Blueberries", "is_primary": true, "display_order": 0, "created_at": "2026-01-31T19:39:37.054Z"}}, {"model": "products.productimage", "pk": 228, "fields": {"product": 219, "image": "products/cat-berries.png", "alt_text": "Dried Blueberries", "is_primary": true, "display_order": 0, "created_at": "2026-01-31T19:39:37.056Z"}}, {"model": "products.productimage", "pk": 229, "fields": {"product": 220, "image": "products/cat-berries.png", "alt_text": "Dried Blueberries", "is_primary": true, "display_order": 0, "created_at": "2026-01-31T19:39:37.058Z"}}, {"model": "products.productimage", "pk": 230, "fields": {"product": 221, "image": "products/cat-berries.png", "alt_text": "Cranberries (Dried)", "is_primary": true, "display_order": 0, "created_at": "2026-01-31T19:39:37.062Z"}}, {"model": "products.productimage", "pk": 231, "fields": {"product": 222, "image": "products/cat-berries.png", "alt_text": "Cranberries (Dried)", "is_primary": true, "display_order": 0, "created_at": "2026-01-31T19:39:37.065Z"}}, {"model": "products.productimage", "pk": 232, "fields": {"product": 223, "image": "products/cat-berries.png", "alt_text": "Cranberries (Dried)", "is_primary": true, "display_order": 0, "created_at": "2026-01-31T19:39:37.067Z"}}, {"model": "products.productimage", "pk": 233, "fields": {"product": 224, "image": "products/cat-berries.png", "alt_text": "Cranberries (Dried)", "is_primary": true, "display_order": 0, "created_at": "2026-01-31T19:39:37.069Z"}}, {"model": "products.productimage", "pk": 234, "fields": {"product": 225, "image": "products/cat-berries.png", "alt_text": "Cranberries (Dried)", "is_primary": true, "display_order": 0, "created_at": "2026-01-31T19:39:37.071Z"}}, {"model": "products.productimage", "pk": 235, "fields": {"product": 226, "image": "products/cat-exotic.png", "alt_text": "Pine Nuts (Chilgoza)", "is_primary": true, "display_order": 0, "created_at": "2026-01-31T19:39:37.074Z"}}, {"model": "products.productimage", "pk": 236, "fields": {"product": 227, "image": "products/cat-exotic.png", "alt_text": "Pine Nuts (Chilgoza)", "is_primary": true, "display_order": 0, "created_at": "2026-01-31T19:39:37.077Z"}}, {"model": "products.productimage", "pk": 237, "fields": {"product": 228, "image": "products/cat-exotic.png", "alt_text": "Pine Nuts (Chilgoza)", "is_primary": true, "display_order": 0, "created_at": "2026-01-31T19:39:37.079Z"}}, {"model": "products.productimage", "pk": 238, "fields": {"product": 229, "image": "products/cat-exotic.png", "alt_text": "Pine Nuts (Chilgoza)", "is_primary": true, "display_order": 0, "created_at": "2026-01-31T19:39:37.081Z"}}, {"model": "products.productimage", "pk": 239, "fields": {"product": 230, "image": "products/cat-exotic.png", "alt_text": "Pecan Nuts", "is_primary": true, "display_order": 0, "created_at": "2026-01-31T19:39:37.085Z"}}, {"model": "products.productimage", "pk": 240, "fields": {"product": 231, "image": "products/cat-exotic.png", "alt_text": "Pecan Nuts", "is_primary": true, "display_order": 0, "created_at": "2026-01-31T19:39:37.087Z"}}, {"model": "products.productimage", "pk": 241, "fields": {"product": 232, "image": "products/cat-exotic.png", "alt_text": "Pecan Nuts", "is_primary": true, "display_order": 0, "created_at": "2026-01-31T19:39:37.089Z"}}, {"model": "products.productimage", "pk": 242, "fields": {"product": 233, "image": "products/cat-exotic.png", "alt_text": "Pecan Nuts", "is_primary": true, "display_order": 0, "created_at": "2026-01-31T19:39:37.091Z"}}, {"model": "products.productimage", "pk": 243, "fields": {"product": 234, "image": "products/cat-exotic.png", "alt_text": "Pecan Nuts", "is_primary": true, "display_order": 0, "created_at": "2026-01-31T19:39:37.094Z"}}, {"model": "products.productimage", "pk": 244, "fields": {"product": 235, "image": "products/cat-exotic.png", "alt_text": "Brazil Nuts", "is_primary": true, "display_order": 0, "created_at": "2026-01-31T19:39:37.097Z"}}, {"model": "products.productimage", "pk": 245, "fields": {"product": 236, "image": "products/cat-exotic.png", "alt_text": "Brazil Nuts", "is_primary": true, "display_order": 0, "created_at": "2026-01-31T19:39:37.099Z"}}, {"model": "products.productimage", "pk": 246, "fields": {"product": 237, "image": "products/cat-exotic.png", "alt_text": "Brazil Nuts", "is_primary": true, "display_order": 0, "created_at": "2026-01-31T19:39:37.101Z"}}, {"model": "products.productimage", "pk": 247, "fields": {"product": 238, "image": "products/cat-exotic.png", "alt_text": "Brazil Nuts", "is_primary": true, "display_order": 0, "created_at": "2026-01-31T19:39:37.103Z"}}, {"model": "products.productimage", "pk": 248, "fields": {"product": 239, "image": "products/cat-exotic.png", "alt_text": "Brazil Nuts", "is_primary": true, "display_order": 0, "created_at": "2026-01-31T19:39:37.105Z"}}, {"model": "products.productimage", "pk": 249, "fields": {"product": 240, "image": "products/cat-exotic.png", "alt_text": "Hazelnuts (Filberts)", "is_primary": true, "display_order": 0, "created_at": "2026-01-31T19:39:37.108Z"}}, {"model": "products.productimage", "pk": 250, "fields": {"product": 241, "image": "products/cat-exotic.png", "alt_text": "Hazelnuts (Filberts)", "is_primary": true, "display_order": 0, "created_at": "2026-01-31T19:39:37.111Z"}}, {"model": "products.productimage", "pk": 251, "fields": {"product": 242, "image": "products/cat-exotic.png", "alt_text": "Hazelnuts (Filberts)", "is_primary": true, "display_order": 0, "created_at": "2026-01-31T19:39:37.113Z"}}, {"model": "products.productimage", "pk": 252, "fields": {"product": 243, "image": "products/cat-exotic.png", "alt_text": "Hazelnuts (Filberts)", "is_primary": true, "display_order": 0, "created_at": "2026-01-31T19:39:37.115Z"}}, {"model": "products.productimage", "pk": 253, "fields": {"product": 244, "image": "products/cat-exotic.png", "alt_text": "Hazelnuts (Filberts)", "is_primary": true, "display_order": 0, "created_at": "2026-01-31T19:39:37.117Z"}}, {"model": "products.productimage", "pk": 254, "fields": {"product": 245, "image": "products/cat-exotic.png", "alt_text": "Macadamia Nuts", "is_primary": true, "display_order": 0, "created_at": "2026-01-31T19:39:37.120Z"}}, {"model": "products.productimage", "pk": 255, "fields": {"product": 246, "image": "products/cat-exotic.png", "alt_text": "Macadamia Nuts", "is_primary": true, "display_order": 0, "created_at": "2026-01-31T19:39:37.123Z"}}, {"model": "products.productimage", "pk": 256, "fields": {"product": 247, "image": "products/cat-exotic.png", "alt_text": "Macadamia Nuts", "is_primary": true, "display_order": 0, "created_at": "2026-01-31T19:39:37.125Z"}}, {"model": "products.productimage", "pk": 257, "fields": {"product": 248, "image": "products/cat-exotic.png", "alt_text": "Macadamia Nuts", "is_primary": true, "display_order": 0, "created_at": "2026-01-31T19:39:37.128Z"}}, {"model": "products.productimage", "pk": 258, "fields": {"product": 249, "image": "products/cat-exotic.png", "alt_text": "Macadamia Nuts", "is_primary": true, "display_order": 0, "created_at": "2026-01-31T19:39:37.130Z"}}, {"model": "products.productimage", "pk": 259, "fields": {"product": 250, "image": "products/cat-dried.png", "alt_text": "Pitted Prunes", "is_primary": true, "display_order": 0, "created_at": "2026-01-31T19:39:37.133Z"}}, {"model": "products.productimage", "pk": 260, "fields": {"product": 251, "image": "products/cat-dried.png", "alt_text": "Pitted Prunes", "is_primary": true, "display_order": 0, "created_at": "2026-01-31T19:39:37.136Z"}}, {"model": "products.productimage", "pk": 261, "fields": {"product": 252, "image": "products/cat-dried.png", "alt_text": "Pitted Prunes", "is_primary": true, "display_order": 0, "created_at": "2026-01-31T19:39:37.138Z"}}, {"model": "products.productimage", "pk": 262, "fields": {"product": 253, "image": "products/cat-dried.png", "alt_text": "Pitted Prunes", "is_primary": true, "display_order": 0, "created_at": "2026-01-31T19:39:37.140Z"}}, {"model": "products.productimage", "pk": 263, "fields": {"product": 254, "image": "products/cat-dried.png", "alt_text": "Pitted Prunes", "is_primary": true, "display_order": 0, "created_at": "2026-01-31T19:39:37.142Z"}}, {"model": "products.productimage", "pk": 264, "fields": {"product": 255, "image": "products/apricots.png", "alt_text": "Turkish Apricots", "is_primary": true, "display_order": 0, "created_at": "2026-01-31T19:39:37.146Z"}}, {"model": "products.productimage", "pk": 265, "fields": {"product": 256, "image": "products/apricots.png", "alt_text": "Turkish Apricots", "is_primary": true, "display_order": 0, "created_at": "2026-01-31T19:39:37.148Z"}}, {"model": "products.productimage", "pk": 266, "fields": {"product": 257, "image": "products/apricots.png", "alt_text": "Turkish Apricots", "is_primary": true, "display_order": 0, "created_at": "2026-01-31T19:39:37.150Z"}}, {"model": "products.productimage", "pk": 267, "fields": {"product": 258, "image": "products/apricots.png", "alt_text": "Turkish Apricots", "is_primary": true, "display_order": 0, "created_at": "2026-01-31T19:39:37.152Z"}}, {"model": "products.productimage", "pk": 268, "fields": {"product": 259, "image": "products/apricots.png", "alt_text": "Turkish Apricots", "is_primary": true, "display_order": 0, "created_at": "2026-01-31T19:39:37.154Z"}}, {"model": "products.productimage", "pk": 269, "fields": {"product": 260, "image": "products/dates.png", "alt_text": "Medjool Dates (Khajoor)", "is_primary": true, "display_order": 0, "created_at": "2026-01-31T19:39:37.157Z"}}, {"model": "products.productimage", "pk": 270, "fields": {"product": 261, "image": "products/dates.png", "alt_text": "Medjool Dates (Khajoor)", "is_primary": true, "display_order": 0, "created_at": "2026-01-31T19:39:37.160Z"}}, {"model": "products.productimage", "pk": 271, "fields": {"product": 262, "image": "products/dates.png", "alt_text": "Medjool Dates (Khajoor)", "is_primary": true, "display_order": 0, "created_at": "2026-01-31T19:39:37.163Z"}}, {"model": "products.productimage", "pk": 272, "fields": {"product": 263, "image": "products/dates.png", "alt_text": "Medjool Dates (Khajoor)", "is_primary": true, "display_order": 0, "created_at": "2026-01-31T19:39:37.165Z"}}, {"model": "products.productimage", "pk": 273, "fields": {"product": 264, "image": "products/figs.png", "alt_text": "Anjeer (Figs) - Premium", "is_primary": true, "display_order": 0, "created_at": "2026-01-31T19:39:37.168Z"}}, {"model": "products.productimage", "pk": 274, "fields": {"product": 265, "image": "products/figs.png", "alt_text": "Anjeer (Figs) - Premium", "is_primary": true, "display_order": 0, "created_at": "2026-01-31T19:39:37.170Z"}}, {"model": "products.productimage", "pk": 275, "fields": {"product": 266, "image": "products/figs.png", "alt_text": "Anjeer (Figs) - Premium", "is_primary": true, "display_order": 0, "created_at": "2026-01-31T19:39:37.172Z"}}, {"model": "products.productimage", "pk": 276, "fields": {"product": 267, "image": "products/figs.png", "alt_text": "Anjeer (Figs) - Premium", "is_primary": true, "display_order": 0, "created_at": "2026-01-31T19:39:37.175Z"}}, {"model": "products.productimage", "pk": 277, "fields": {"product": 268, "image": "products/raisins.png", "alt_text": "Golden Raisins (Kismis)", "is_primary": true, "display_order": 0, "created_at": "2026-01-31T19:39:37.179Z"}}, {"model": "products.productimage", "pk": 278, "fields": {"product": 269, "image": "products/raisins.png", "alt_text": "Golden Raisins (Kismis)", "is_primary": true, "display_order": 0, "created_at": "2026-01-31T19:39:37.181Z"}}, {"model": "products.productimage", "pk": 279, "fields": {"product": 270, "image": "products/raisins.png", "alt_text": "Golden Raisins (Kismis)", "is_primary": true, "display_order": 0, "created_at": "2026-01-31T19:39:37.183Z"}}, {"model": "products.productimage", "pk": 280, "fields": {"product": 271, "image": "products/raisins.png", "alt_text": "Golden Raisins (Kismis)", "is_primary": true, "display_order": 0, "created_at": "2026-01-31T19:39:37.185Z"}}, {"model": "products.productimage", "pk": 281, "fields": {"product": 272, "image": "products/walnuts.png", "alt_text": "Walnut Kernels (Akhrot Giri)", "is_primary": true, "display_order": 0, "created_at": "2026-01-31T19:39:37.189Z"}}, {"model": "products.productimage", "pk": 282, "fields": {"product": 273, "image": "products/walnuts.png", "alt_text": "Walnut Kernels (Akhrot Giri)", "is_primary": true, "display_order": 0, "created_at": "2026-01-31T19:39:37.191Z"}}, {"model": "products.productimage", "pk": 283, "fields": {"product": 274, "image": "products/walnuts.png", "alt_text": "Walnut Kernels (Akhrot Giri)", "is_primary": true, "display_order": 0, "created_at": "2026-01-31T19:39:37.193Z"}}, {"model": "products.productimage", "pk": 284, "fields": {"product": 275, "image": "products/walnuts.png", "alt_text": "Walnut Kernels (Akhrot Giri)", "is_primary": true, "display_order": 0, "created_at": "2026-01-31T19:39:37.196Z"}}, {"model": "products.productimage", "pk": 285, "fields": {"product": 276, "image": "products/pistachios.png", "alt_text": "Salted Pistachios (Pista) - Roasted", "is_primary": true, "display_order": 0, "created_at": "2026-01-31T19:39:37.199Z"}}, {"model": "products.productimage", "pk": 286, "fields": {"product": 277, "image": "products/pistachios.png", "alt_text": "Salted Pistachios (Pista) - Roasted", "is_primary": true, "display_order": 0, "created_at": "2026-01-31T19:39:37.201Z"}}, {"model": "products.productimage", "pk": 287, "fields": {"product": 278, "image": "products/pistachios.png", "alt_text": "Salted Pistachios (Pista) - Roasted", "is_primary": true, "display_order": 0, "created_at": "2026-01-31T19:39:37.203Z"}}, {"model": "products.productimage", "pk": 288, "fields": {"product": 279, "image": "products/pistachios.png", "alt_text": "Salted Pistachios (Pista) - Roasted", "is_primary": true, "display_order": 0, "created_at": "2026-01-31T19:39:37.205Z"}}, {"model": "products.productimage", "pk": 289, "fields": {"product": 280, "image": "products/cashews-w320.png", "alt_text": "Cashews (Kaju) - W320 Standard", "is_primary": true, "display_order": 0, "created_at": "2026-01-31T19:39:37.209Z"}}, {"model": "products.productimage", "pk": 290, "fields": {"product": 281, "image": "products/cashews-w320.png", "alt_text": "Cashews (Kaju) - W320 Standard", "is_primary": true, "display_order": 0, "created_at": "2026-01-31T19:39:37.211Z"}}, {"model": "products.productimage", "pk": 291, "fields": {"product": 282, "image": "products/cashews-w320.png", "alt_text": "Cashews (Kaju) - W320 Standard", "is_primary": true, "display_order": 0, "created_at": "2026-01-31T19:39:37.213Z"}}, {"model": "products.productimage", "pk": 292, "fields": {"product": 283, "image": "products/cashews-w320.png", "alt_text": "Cashews (Kaju) - W320 Standard", "is_primary": true, "display_order": 0, "created_at": "2026-01-31T19:39:37.216Z"}}, {"model": "products.productimage", "pk": 293, "fields": {"product": 284, "image": "products/cashews-w180.png", "alt_text": "Cashews (Kaju) - W180 Jumbo", "is_primary": true, "display_order": 0, "created_at": "2026-01-31T19:39:37.219Z"}}, {"model": "products.productimage", "pk": 294, "fields": {"product": 285, "image": "products/cashews-w180.png", "alt_text": "Cashews (Kaju) - W180 Jumbo", "is_primary": true, "display_order": 0, "created_at": "2026-01-31T19:39:37.221Z"}}, {"model": "products.productimage", "pk": 295, "fields": {"product": 286, "image": "products/cashews-w180.png", "alt_text": "Cashews (Kaju) - W180 Jumbo", "is_primary": true, "display_order": 0, "created_at": "2026-01-31T19:39:37.223Z"}}, {"model": "products.productimage", "pk": 296, "fields": {"product": 287, "image": "products/cashews-w180.png", "alt_text": "Cashews (Kaju) - W180 Jumbo", "is_primary": true, "display_order": 0, "created_at": "2026-01-31T19:39:37.226Z"}}, {"model": "products.productimage", "pk": 297, "fields": {"product": 288, "image": "products/mamra-almonds.png", "alt_text": "Mamra Almonds - Royal Reserve", "is_primary": true, "display_order": 0, "created_at": "2026-01-31T19:39:37.230Z"}}, {"model": "products.productimage", "pk": 298, "fields": {"product": 289, "image": "products/mamra-almonds.png", "alt_text": "Mamra Almonds - Royal Reserve", "is_primary": true, "display_order": 0, "created_at": "2026-01-31T19:39:37.232Z"}}, {"model": "products.productimage", "pk": 299, "fields": {"product": 290, "image": "products/mamra-almonds.png", "alt_text": "Mamra Almonds - Royal Reserve", "is_primary": true, "display_order": 0, "created_at": "2026-01-31T19:39:37.234Z"}}, {"model": "products.productimage", "pk": 300, "fields": {"product": 291, "image": "products/mamra-almonds.png", "alt_text": "Mamra Almonds - Royal Reserve", "is_primary": true, "display_order": 0, "created_at": "2026-01-31T19:39:37.236Z"}}, {"model": "products.productimage", "pk": 301, "fields": {"product": 292, "image": "products/california-almonds.png", "alt_text": "California Almonds (Badam) - Premium", "is_primary": true, "display_order": 0, "created_at": "2026-01-31T19:39:37.239Z"}}, {"model": "products.productimage", "pk": 302, "fields": {"product": 293, "image": "products/california-almonds.png", "alt_text": "California Almonds (Badam) - Premium", "is_primary": true, "display_order": 0, "created_at": "2026-01-31T19:39:37.242Z"}}, {"model": "products.productimage", "pk": 303, "fields": {"product": 294, "image": "products/california-almonds.png", "alt_text": "California Almonds (Badam) - Premium", "is_primary": true, "display_order": 0, "created_at": "2026-01-31T19:39:37.244Z"}}, {"model": "products.productimage", "pk": 304, "fields": {"product": 295, "image": "products/california-almonds.png", "alt_text": "California Almonds (Badam) - Premium", "is_primary": true, "display_order": 0, "created_at": "2026-01-31T19:39:37.247Z"}}, {"model": "products.productimage", "pk": 305, "fields": {"product": 296, "image": "products/california-almonds.png", "alt_text": "California Almonds (Badam) - Premium", "is_primary": true, "display_order": 0, "created_at": "2026-01-31T19:39:37.249Z"}}, {"model": "cart.cart", "pk": 1, "fields": {"user": null, "session_id": "whmuxprc0ejhy5hvotgeqbqzaka1xc0s", "created_at": "2026-01-31T10:20:42.163Z", "updated_at": "2026-01-31T10:20:42.163Z"}}, {"model": "cart.cart", "pk": 2, "fields": {"user": null, "session_id": "v9y2njn235v7onkkmxw39vhq558l57xo", "created_at": "2026-01-31T11:13:47.221Z", "updated_at": "2026-01-31T11:13:47.221Z"}}, {"model": "cart.cart", "pk": 3, "fields": {"user": null, "session_id": "cupp1kh9bhzp6p1ftz77r2zyc1ednpxp", "created_at": "2026-01-31T11:17:08.825Z", "updated_at": "2026-01-31T11:17:08.825Z"}}, {"model": "cart.cart", "pk": 5, "fields": {"user": null, "session_id": "fcoc5lbibw11a8uxt57jfcd6vvb7gku1", "created_at": "2026-01-31T14:23:15.166Z", "updated_at": "2026-01-31T14:23:15.166Z"}}, {"model": "cart.cart", "pk": 7, "fields": {"user": null, "session_id": "c90y3d1oqtzrk4t4l6n000f4sofx0exa", "created_at": "2026-01-31T16:23:57.787Z", "updated_at": "2026-01-31T16:23:57.787Z"}}, {"model": "cart.cart", "pk": 8, "fields": {"user": null, "session_id": "ozzxeyj69i1id9gb0ro4n6tteq3clf14", "created_at": "2026-01-31T16:40:44.102Z", "updated_at": "2026-01-31T16:40:44.102Z"}}, {"model": "cart.cart", "pk": 9, "fields": {"user": null, "session_id": "rftm1mbid2oqs3d0ouwoxa5cwv8afz9x", "created_at": "2026-01-31T16:40:44.112Z", "updated_at": "2026-01-31T16:40:44.112Z"}}, {"model": "cart.cart", "pk": 11, "fields": {"user": null, "session_id": "j03ak76ukb6akv273himutuvn5mdkkop", "created_at": "2026-01-31T20:21:22.317Z", "updated_at": "2026-01-31T20:21:22.317Z"}}, {"model": "cart.cart", "pk": 12, "fields": {"user": null, "session_id": "8grem3le9f2px9lqpilrlgfetaesiv4q", "created_at": "2026-01-31T20:22:04.268Z", "updated_at": "2026-01-31T20:22:04.268Z"}}, {"model": "cart.cart", "pk": 13, "fields": {"user": ["admin"], "session_id": null, "created_at": "2026-01-31T20:22:04.287Z", "updated_at": "2026-01-31T20:22:04.287Z"}}, {"model": "cart.cart", "pk": 14, "fields": {"user": ["prakash4830jp@gmail.com"], "session_id": null, "created_at": "2026-01-31T20:25:50.765Z", "updated_at": "2026-01-31T20:25:50.765Z"}}, {"model": "cart.cartitem", "pk": 8, "fields": {"cart": 7, "product": 153, "quantity": 1, "created_at": "2026-01-31T16:23:57.790Z", "updated_at": "2026-01-31T16:23:57.790Z"}}, {"model": "cart.cartitem", "pk": 16, "fields": {"cart": 11, "product": 296, "quantity": 1, "created_at": "2026-01-31T20:21:22.319Z", "updated_at": "2026-01-31T20:21:22.319Z"}}, {"model": "cart.cartitem", "pk": 17, "fields": {"cart": 12, "product": 296, "quantity": 1, "created_at": "2026-01-31T20:22:04.270Z", "updated_at": "2026-01-31T20:22:04.270Z"}}, {"model": "cart.cartitem", "pk": 18, "fields": {"cart": 13, "product": 296, "quantity": 1, "created_at": "2026-01-31T20:22:04.288Z", "updated_at": "2026-01-31T20:22:04.288Z"}}, {"model": "notifications.emaillog", "pk": 1, "fields": {"email_type": "welcome", "recipient_email": "admin", "recipient_name": "admin@nectarnut.com", "subject": "Welcome to Nectar & Nut! ", "resend_id": null, "status": "failed", "error_message": "API key is invalid", "user": ["admin"], "order": null, "created_at": "2026-01-31T10:12:54.400Z", "sent_at": null}}, {"model": "notifications.emaillog", "pk": 2, "fields": {"email_type": "welcome", "recipient_email": "admin@example.com", "recipient_name": "admin", "subject": "Welcome to Nectar & Nut! ", "resend_id": null, "status": "failed", "error_message": "API key is invalid", "user": ["admin@example.com"], "order": null, "created_at": "2026-01-31T19:58:10.401Z", "sent_at": null}}, {"model": "notifications.emaillog", "pk": 3, "fields": {"email_type": "welcome", "recipient_email": "test_debug@example.com", "recipient_name": "Test", "subject": "Welcome to Nectar & Nut! ", "resend_id": null, "status": "failed", "error_message": "API key is invalid", "user": ["test_debug@example.com"], "order": null, "created_at": "2026-01-31T20:03:15.166Z", "sent_at": null}}, {"model": "notifications.emaillog", "pk": 4, "fields": {"email_type": "welcome", "recipient_email": "prakash4830jp@gmail.com", "recipient_name": "Jayaprakash", "subject": "Welcome to Nectar & Nut! ", "resend_id": null, "status": "failed", "error_message": "API key is invalid", "user": null, "order": null, "created_at": "2026-01-31T20:13:37.803Z", "sent_at": null}}, {"model": "notifications.emaillog", "pk": 5, "fields": {"email_type": "welcome", "recipient_email": "prakash4830jp@gmail.com", "recipient_name": "Jayaprakash", "subject": "Welcome to Nectar & Nut! ", "resend_id": null, "status": "failed", "error_message": "API key is invalid", "user": ["prakash4830jp@gmail.com"], "order": null, "created_at": "2026-01-31T20:25:48.331Z", "sent_at": null}}, {"model": "token_blacklist.outstandingtoken", "pk": 1, "fields": {"user": null, "jti": "87e95653a92045a4b0def2448c5702e8", "token": "eyJhbGciOiJIUzI1NiIsInR5cCI6IkpXVCJ9.eyJ0b2tlbl90eXBlIjoicmVmcmVzaCIsImV4cCI6MTc3MDQ5NTIxOSwiaWF0IjoxNzY5ODkwNDE5LCJqdGkiOiI4N2U5NTY1M2E5MjA0NWE0YjBkZWYyNDQ4YzU3MDJlOCIsInVzZXJfaWQiOiI0In0.zYGHf5NoZApREcdQbfpVWUoHQ3nU3hAGIVzN2ORM-J0", "created_at": "2026-01-31T20:13:39.547Z", "expires_at": "2026-02-07T20:13:39Z"}}, {"model": "token_blacklist.outstandingtoken", "pk": 2, "fields": {"user": null, "jti": "f4564e2674844c7799ae4e7ff719b25c", "token": "eyJhbGciOiJIUzI1NiIsInR5cCI6IkpXVCJ9.eyJ0b2tlbl90eXBlIjoicmVmcmVzaCIsImV4cCI6MTc3MDQ5NTI3NywiaWF0IjoxNzY5ODkwNDc3LCJqdGkiOiJmNDU2NGUyNjc0ODQ0Yzc3OTlhZTRlN2ZmNzE5YjI1YyIsInVzZXJfaWQiOiI0In0.R2MHEoP6CCUbocPsLbFlrGdWac5sdegfy3RgvZtgjAw", "created_at": "2026-01-31T20:14:37.450Z", "expires_at": "2026-02-07T20:14:37Z"}}, {"model": "token_blacklist.outstandingtoken", "pk": 3, "fields": {"user": ["prakash4830jp@gmail.com"], "jti": "c5c0601c761947a8b15514b33e1cd7b9", "token": "eyJhbGciOiJIUzI1NiIsInR5cCI6IkpXVCJ9.eyJ0b2tlbl90eXBlIjoicmVmcmVzaCIsImV4cCI6MTc3MDQ5NTk1MCwiaWF0IjoxNzY5ODkxMTUwLCJqdGkiOiJjNWMwNjAxYzc2MTk0N2E4YjE1NTE0YjMzZTFjZDdiOSIsInVzZXJfaWQiOiI1In0.OLAcROV1kG3Uo32-hpFOWFKt76N4bayTIVjC8qzWeag", "created_at": "2026-01-31T20:25:50.370Z", "expires_at": "2026-02-07T20:25:50Z"}}, {"model": "token_blacklist.outstandingtoken", "pk": 4, "fields": {"user": ["prakash4830jp@gmail.com"], "jti": "4e2dac581ae2427bbf3cea500b8d1c28", "token": "eyJhbGciOiJIUzI1NiIsInR5cCI6IkpXVCJ9.eyJ0b2tlbl90eXBlIjoicmVmcmVzaCIsImV4cCI6MTc3MDQ5NTk5NSwiaWF0IjoxNzY5ODkxMTk1LCJqdGkiOiI0ZTJkYWM1ODFhZTI0MjdiYmYzY2VhNTAwYjhkMWMyOCIsInVzZXJfaWQiOiI1In0.Ogr5s1mrqYP8qTIe56qPfx_IAq-CWnBsGYJiylgasIs", "created_at": "2026-01-31T20:26:35.576Z", "expires_at": "2026-02-07T20:26:35Z"}}, {"model": "token_blacklist.outstandingtoken", "pk": 5, "fields": {"user": ["prakash4830jp@gmail.com"], "jti": "25982624fe7c463d83e8565108882e38", "token": "eyJhbGciOiJIUzI1NiIsInR5cCI6IkpXVCJ9.eyJ0b2tlbl90eXBlIjoicmVmcmVzaCIsImV4cCI6MTc3MDQ5NjQxMywiaWF0IjoxNzY5ODkxNjEzLCJqdGkiOiIyNTk4MjYyNGZlN2M0NjNkODNlODU2NTEwODg4MmUzOCIsInVzZXJfaWQiOiI1In0.yFD7qHuN4j2BsbCuXs7cu6Tlzxe8sGRuSXtWH5wQFbo", "created_at": "2026-01-31T20:33:33.579Z", "expires_at": "2026-02-07T20:33:33Z"}}, {"model": "token_blacklist.outstandingtoken", "pk": 6, "fields": {"user": ["prakash4830jp@gmail.com"], "jti": "620323b6ab154241ac7294b5aed16767", "token": "eyJhbGciOiJIUzI1NiIsInR5cCI6IkpXVCJ9.eyJ0b2tlbl90eXBlIjoicmVmcmVzaCIsImV4cCI6MTc3MDQ5NjQ4NywiaWF0IjoxNzY5ODkxNjg3LCJqdGkiOiI2MjAzMjNiNmFiMTU0MjQxYWM3Mjk0YjVhZWQxNjc2NyIsInVzZXJfaWQiOiI1In0.8VN-TOrEsISvlS2zK-7ulCjeubbSaS6quef0g7rbT50", "created_at": "2026-01-31T20:34:47.141Z", "expires_at": "2026-02-07T20:34:47Z"}}, {"model": "token_blacklist.outstandingtoken", "pk": 7, "fields": {"user": ["prakash4830jp@gmail.com"], "jti": "03a83d36fed34ea7adf0334207a07b6e", "token": "eyJhbGciOiJIUzI1NiIsInR5cCI6IkpXVCJ9.eyJ0b2tlbl90eXBlIjoicmVmcmVzaCIsImV4cCI6MTc3MDUzMzE4NSwiaWF0IjoxNzY5OTI4Mzg1LCJqdGkiOiIwM2E4M2QzNmZlZDM0ZWE3YWRmMDMzNDIwN2EwN2I2ZSIsInVzZXJfaWQiOiI1In0.Z-dL2K2iVl5ckKP6DAQEcEEDUqGHq34BmjqJs5KP6ak", "created_at": "2026-02-01T06:46:25.295Z", "expires_at": "2026-02-08T06:46:25Z"}}, {"model": "admin.logentry", "pk": 1, "fields": {"action_time": "2026-01-31T20:23:08.263Z", "user": ["admin@example.com"], "content_type": ["users", "user"], "object_id": "4", "object_repr": "prakash4830jp@gmail.com", "action_flag": 3, "change_message": ""}}]